step,tlsID,ns_vehicle,ew_vehicle,reserved_vehicle,waiting_time
0,J0,0,0,None,0.0
0,J1,0,0,None,0.0
0,J2,0,0,None,0.0
0,J3,0,0,None,0.0
0,J4,0,1,None,0.0
0,J5,0,0,None,0.0
0,J6,0,0,None,0.0
0,J7,0,0,None,0.0
0,J8,0,0,None,0.0
1,J0,0,0,None,0.0
1,J1,0,0,None,0.0
1,J2,0,0,None,0.0
1,J3,0,0,None,0.0
1,J4,0,1,0,0.0
1,J5,0,0,None,0.0
1,J6,0,0,None,0.0
1,J7,0,0,None,0.0
1,J8,0,0,None,0.0
2,J0,0,1,None,0.0
2,J1,0,0,None,0.0
2,J2,0,0,None,0.0
2,J3,0,0,None,0.0
2,J4,0,1,0,0.0
2,J5,0,0,None,0.0
2,J6,0,0,None,0.0
2,J7,0,0,None,0.0
2,J8,0,0,None,0.0
3,J0,0,1,1,0.0
3,J1,0,0,None,0.0
3,J2,0,0,None,0.0
3,J3,0,0,None,0.0
3,J4,0,1,0,0.0
3,J5,0,0,None,0.0
3,J6,0,0,None,0.0
3,J7,0,0,None,0.0
3,J8,0,0,None,0.0
4,J0,0,1,1,0.0
4,J1,0,0,None,0.0
4,J2,0,0,None,0.0
4,J3,0,1,None,0.0
4,J4,0,1,0,0.0
4,J5,0,0,None,0.0
4,J6,0,0,None,0.0
4,J7,0,0,None,0.0
4,J8,0,0,None,0.0
5,J0,0,1,1,0.0
5,J1,0,0,None,0.0
5,J2,0,0,None,0.0
5,J3,0,1,2,0.0
5,J4,0,1,0,0.0
5,J5,0,0,None,0.0
5,J6,0,0,None,0.0
5,J7,0,0,None,0.0
5,J8,0,0,None,0.0
6,J0,0,1,1,0.0
6,J1,0,0,None,0.0
6,J2,0,0,None,0.0
6,J3,0,1,2,0.0
6,J4,0,2,0,0.0
6,J5,0,0,None,0.0
6,J6,0,0,None,0.0
6,J7,0,0,None,0.0
6,J8,0,0,None,0.0
7,J0,0,0,None,0.0
7,J1,0,0,None,0.0
7,J2,0,0,None,0.0
7,J3,0,1,2,0.0
7,J4,0,2,0,0.0
7,J5,0,0,None,0.0
7,J6,0,0,None,0.0
7,J7,0,0,None,0.0
7,J8,0,0,None,0.0
8,J0,0,0,None,0.0
8,J1,0,1,1,0.0
8,J2,0,0,None,0.0
8,J3,0,2,2,0.0
8,J4,0,1,3,0.0
8,J5,0,0,None,0.0
8,J6,0,0,None,0.0
8,J7,0,0,None,0.0
8,J8,0,0,None,0.0
9,J0,0,0,None,0.0
9,J1,0,2,1,0.0
9,J2,0,0,None,0.0
9,J3,0,2,2,0.0
9,J4,0,1,3,0.0
9,J5,0,0,None,0.0
9,J6,0,0,None,0.0
9,J7,0,0,None,0.0
9,J8,0,0,None,0.0
10,J0,0,0,None,0.0
10,J1,0,2,1,0.0
10,J2,0,0,None,0.0
10,J3,0,2,2,0.0
10,J4,0,0,None,0.0
10,J5,0,0,None,0.0
10,J6,0,0,None,0.0
10,J7,0,0,None,0.0
10,J8,0,1,None,0.0
11,J0,0,0,None,0.0
11,J1,0,2,1,0.0
11,J2,0,0,None,0.0
11,J3,0,2,2,0.0
11,J4,0,0,None,0.0
11,J5,0,0,None,0.0
11,J6,0,0,None,0.0
11,J7,0,0,None,0.0
11,J8,0,1,5,0.0
12,J0,0,0,None,0.0
12,J1,0,2,1,0.0
12,J2,0,0,None,0.0
12,J3,0,1,4,0.0
12,J4,0,0,None,0.0
12,J5,0,0,None,0.0
12,J6,0,0,None,0.0
12,J7,0,0,None,0.0
12,J8,0,2,5,0.0
13,J0,0,0,None,0.0
13,J1,0,2,0,0.0
13,J2,0,0,None,0.0
13,J3,0,0,None,0.0
13,J4,0,0,None,0.0
13,J5,0,0,None,0.0
13,J6,0,0,None,0.0
13,J7,0,0,None,0.0
13,J8,0,2,5,0.0
14,J0,0,1,None,0.0
14,J1,0,3,0,0.0
14,J2,0,1,1,0.0
14,J3,0,0,None,0.0
14,J4,0,0,None,0.0
14,J5,0,0,None,0.0
14,J6,0,0,None,0.0
14,J7,0,0,None,0.0
14,J8,0,2,5,0.0
15,J0,0,1,7,0.0
15,J1,0,3,0,0.0
15,J2,0,1,1,0.0
15,J3,0,0,None,0.0
15,J4,0,0,None,0.0
15,J5,0,0,None,0.0
15,J6,0,0,None,0.0
15,J7,0,0,None,0.0
15,J8,0,3,5,0.0
16,J0,0,1,7,0.0
16,J1,0,3,0,0.0
16,J2,0,1,1,0.0
16,J3,0,0,None,0.0
16,J4,0,0,None,0.0
16,J5,0,0,None,0.0
16,J6,0,0,None,0.0
16,J7,0,0,None,0.0
16,J8,0,4,5,0.0
17,J0,0,1,7,0.0
17,J1,0,1,3,0.0
17,J2,0,1,1,0.0
17,J3,0,0,None,0.0
17,J4,0,0,None,0.0
17,J5,0,0,None,0.0
17,J6,0,0,None,0.0
17,J7,0,0,None,0.0
17,J8,0,4,5,0.0
18,J0,0,1,7,0.0
18,J1,0,2,3,0.0
18,J2,0,1,1,0.0
18,J3,0,1,0,0.0
18,J4,0,1,2,0.0
18,J5,0,0,None,0.0
18,J6,0,0,None,0.0
18,J7,0,0,None,0.0
18,J8,0,3,5,0.0
19,J0,0,1,7,0.0
19,J1,0,2,3,0.0
19,J2,0,1,1,0.0
19,J3,0,2,0,0.0
19,J4,0,1,2,0.0
19,J5,0,0,None,0.0
19,J6,0,0,None,0.0
19,J7,0,0,None,0.0
19,J8,0,2,4,0.0
20,J0,0,1,7,0.0
20,J1,0,2,3,0.0
20,J2,0,0,None,0.0
20,J3,0,2,0,0.0
20,J4,0,2,2,0.0
20,J5,0,0,None,0.0
20,J6,0,0,None,0.0
20,J7,0,0,None,0.0
20,J8,0,2,4,0.0
21,J0,0,0,None,0.0
21,J1,0,2,3,0.0
21,J2,0,1,5,0.0
21,J3,0,2,0,0.0
21,J4,0,1,10,0.0
21,J5,0,0,None,0.0
21,J6,0,1,1,0.0
21,J7,0,0,None,0.0
21,J8,0,2,4,0.0
22,J0,0,0,None,0.0
22,J1,0,1,9,0.0
22,J2,0,2,5,0.0
22,J3,0,1,6,0.0
22,J4,0,1,10,0.0
22,J5,0,1,7,0.0
22,J6,0,1,1,0.0
22,J7,0,0,None,0.0
22,J8,0,1,8,0.0
23,J0,0,0,None,0.0
23,J1,0,1,9,0.0
23,J2,0,2,5,0.0
23,J3,0,1,6,0.0
23,J4,0,1,10,0.0
23,J5,0,1,7,0.0
23,J6,0,1,1,0.0
23,J7,0,1,0,0.0
23,J8,0,1,8,0.0
24,J0,0,0,None,0.0
24,J1,0,1,9,0.0
24,J2,0,3,5,0.0
24,J3,0,1,6,0.0
24,J4,0,1,None,0.0
24,J5,0,1,7,0.0
24,J6,0,1,1,0.0
24,J7,0,1,0,0.0
24,J8,0,1,8,0.0
25,J0,0,0,None,0.0
25,J1,0,1,9,0.0
25,J2,0,2,11,0.0
25,J3,0,1,6,0.0
25,J4,0,1,12,0.0
25,J5,0,0,None,0.0
25,J6,0,0,None,0.0
25,J7,0,1,0,0.0
25,J8,0,1,8,0.0
26,J0,0,0,None,0.0
26,J1,0,2,9,0.0
26,J2,0,2,11,0.0
26,J3,0,1,6,0.0
26,J4,0,1,12,0.0
26,J5,0,0,None,0.0
26,J6,0,1,10,0.0
26,J7,0,1,0,0.0
26,J8,0,0,None,0.0
27,J0,0,0,None,0.0
27,J1,0,2,9,0.0
27,J2,0,2,11,0.0
27,J3,0,1,6,0.0
27,J4,0,2,12,0.0
27,J5,0,0,None,0.0
27,J6,0,2,10,0.0
27,J7,0,1,0,0.0
27,J8,0,0,None,0.0
28,J0,0,0,None,0.0
28,J1,0,2,9,0.0
28,J2,0,3,11,0.0
28,J3,0,0,None,0.0
28,J4,0,1,7,0.0
28,J5,0,0,None,0.0
28,J6,0,3,10,0.0
28,J7,0,0,None,0.0
28,J8,0,0,None,0.0
29,J0,0,0,None,0.0
29,J1,0,2,12,0.0
29,J2,0,3,11,0.0
29,J3,0,0,None,0.0
29,J4,0,1,7,0.0
29,J5,0,0,None,0.0
29,J6,0,3,10,0.0
29,J7,0,1,6,0.0
29,J8,0,0,None,0.0
30,J0,0,0,None,0.0
30,J1,0,2,12,0.0
30,J2,0,3,11,0.0
30,J3,0,0,None,0.0
30,J4,0,1,7,0.0
30,J5,0,1,None,0.0
30,J6,0,3,10,0.0
30,J7,0,1,6,0.0
30,J8,0,0,None,0.0
31,J0,0,0,None,0.0
31,J1,0,2,12,0.0
31,J2,0,3,11,0.0
31,J3,0,0,None,0.0
31,J4,0,1,7,0.0
31,J5,0,1,15,0.0
31,J6,0,2,14,0.0
31,J7,0,1,6,0.0
31,J8,0,0,None,0.0
32,J0,0,0,None,0.0
32,J1,0,1,13,0.0
32,J2,0,3,10,0.0
32,J3,0,0,None,0.0
32,J4,0,1,7,0.0
32,J5,0,1,15,0.0
32,J6,0,2,14,0.0
32,J7,0,2,6,0.0
32,J8,0,0,None,0.0
33,J0,0,0,None,0.0
33,J1,0,1,13,0.0
33,J2,0,3,10,0.0
33,J3,0,1,12,0.0
33,J4,0,0,None,0.0
33,J5,0,1,15,0.0
33,J6,0,1,14,0.0
33,J7,0,2,6,0.0
33,J8,0,1,11,0.0
34,J0,0,0,None,0.0
34,J1,0,1,13,0.0
34,J2,0,3,10,0.0
34,J3,0,2,12,0.0
34,J4,0,0,None,0.0
34,J5,0,1,15,0.0
34,J6,0,2,14,0.0
34,J7,0,1,16,0.0
34,J8,0,1,11,0.0
35,J0,0,0,None,0.0
35,J1,0,1,13,0.0
35,J2,0,2,4,0.0
35,J3,0,2,12,0.0
35,J4,0,1,5,0.0
35,J5,0,0,None,0.0
35,J6,0,2,14,0.0
35,J7,0,1,16,0.0
35,J8,0,1,11,0.0
36,J0,0,2,15,0.0
36,J1,0,1,13,0.0
36,J2,0,2,4,0.0
36,J3,0,1,17,0.0
36,J4,0,1,5,0.0
36,J5,0,0,None,0.0
36,J6,0,1,7,0.0
36,J7,0,1,16,0.0
36,J8,0,2,11,0.0
37,J0,0,2,15,0.0
37,J1,0,1,13,0.0
37,J2,0,2,4,0.0
37,J3,0,1,17,0.0
37,J4,0,2,5,0.0
37,J5,0,0,None,0.0
37,J6,0,1,7,0.0
37,J7,0,0,None,0.0
37,J8,0,2,11,0.0
38,J0,0,2,15,0.0
38,J1,0,2,13,0.0
38,J2,0,2,4,0.0
38,J3,0,1,17,0.0
38,J4,0,2,5,0.0
38,J5,0,0,None,0.0
38,J6,0,1,7,0.0
38,J7,0,0,None,0.0
38,J8,0,1,10,0.0
39,J0,0,2,16,0.0
39,J1,0,1,19,0.0
39,J2,0,1,8,0.0
39,J3,0,1,17,0.0
39,J4,0,2,5,0.0
39,J5,0,0,None,0.0
39,J6,0,0,None,0.0
39,J7,0,0,None,0.0
39,J8,0,1,10,0.0
40,J0,0,3,16,0.0
40,J1,0,3,19,0.0
40,J2,0,2,8,0.0
40,J3,0,1,17,0.0
40,J4,0,2,5,0.0
40,J5,0,0,None,0.0
40,J6,0,0,None,0.0
40,J7,0,0,None,0.0
40,J8,0,1,10,0.0
41,J0,0,3,16,0.0
41,J1,0,3,19,0.0
41,J2,0,2,8,0.0
41,J3,0,1,17,0.0
41,J4,0,1,18,0.0
41,J5,0,0,None,0.0
41,J6,0,0,None,0.0
41,J7,0,0,None,0.0
41,J8,0,1,10,0.0
42,J0,0,3,16,0.0
42,J1,0,3,19,0.0
42,J2,0,2,8,0.0
42,J3,0,0,None,0.0
42,J4,0,1,18,0.0
42,J5,0,1,5,0.0
42,J6,0,1,None,0.0
42,J7,0,0,None,0.0
42,J8,0,1,10,0.0
43,J0,0,3,16,0.0
43,J1,0,4,19,0.0
43,J2,0,2,8,0.0
43,J3,0,0,None,0.0
43,J4,0,1,18,0.0
43,J5,0,1,5,0.0
43,J6,0,1,21,0.0
43,J7,0,0,None,0.0
43,J8,0,0,None,0.0
44,J0,0,3,16,0.0
44,J1,0,3,15,0.0
44,J2,0,1,13,0.0
44,J3,0,0,None,0.0
44,J4,0,2,18,0.0
44,J5,0,1,5,0.0
44,J6,0,1,21,0.0
44,J7,0,0,None,0.0
44,J8,0,0,None,0.0
45,J0,0,3,16,0.0
45,J1,0,3,15,0.0
45,J2,0,1,13,0.0
45,J3,0,0,None,0.0
45,J4,0,2,19,0.0
45,J5,0,1,5,0.0
45,J6,0,1,21,0.0
45,J7,0,0,None,0.0
45,J8,0,0,None,0.0
46,J0,0,3,16,0.0
46,J1,0,3,15,0.0
46,J2,0,1,13,0.0
46,J3,0,0,None,0.0
46,J4,0,2,19,0.0
46,J5,0,1,5,0.0
46,J6,0,0,None,0.0
46,J7,0,0,None,0.0
46,J8,0,0,None,0.0
47,J0,0,3,16,0.0
47,J1,0,3,15,0.0
47,J2,0,1,13,0.0
47,J3,0,0,None,0.0
47,J4,0,2,19,0.0
47,J5,0,1,5,0.0
47,J6,0,0,None,0.0
47,J7,0,0,None,0.0
47,J8,0,0,None,0.0
48,J0,0,4,16,0.0
48,J1,0,3,15,0.0
48,J2,0,2,13,0.0
48,J3,0,0,None,0.0
48,J4,0,1,22,0.0
48,J5,0,0,None,0.0
48,J6,0,0,None,0.0
48,J7,0,0,None,0.0
48,J8,0,0,None,0.0
49,J0,0,4,16,0.0
49,J1,0,3,15,0.0
49,J2,0,1,21,0.0
49,J3,0,0,None,0.0
49,J4,0,1,22,0.0
49,J5,0,1,19,0.0
49,J6,0,0,None,0.0
49,J7,0,0,None,0.0
49,J8,0,0,None,0.0
50,J0,0,5,16,0.0
50,J1,0,2,17,0.0
50,J2,0,0,None,0.0
50,J3,0,1,None,0.0
50,J4,0,1,22,0.0
50,J5,0,1,19,0.0
50,J6,0,0,None,0.0
50,J7,0,0,None,0.0
50,J8,0,1,13,0.0
51,J0,0,5,16,0.0
51,J1,0,2,17,0.0
51,J2,0,0,None,0.0
51,J3,0,1,25,0.0
51,J4,0,0,None,0.0
51,J5,0,2,19,0.0
51,J6,0,0,None,0.0
51,J7,0,0,None,0.0
51,J8,0,1,13,0.0
52,J0,0,5,16,0.0
52,J1,0,2,17,0.0
52,J2,0,0,None,0.0
52,J3,0,2,25,0.0
52,J4,0,0,None,0.0
52,J5,0,2,19,0.0
52,J6,0,0,None,0.0
52,J7,0,0,None,0.0
52,J8,0,2,13,0.0
53,J0,0,5,16,0.0
53,J1,0,1,17,0.0
53,J2,0,0,None,0.0
53,J3,0,2,25,0.0
53,J4,0,0,None,0.0
53,J5,0,2,19,0.0
53,J6,0,0,None,0.0
53,J7,0,0,None,0.0
53,J8,0,1,26,0.0
54,J0,0,5,16,0.0
54,J1,0,2,17,0.0
54,J2,0,0,None,0.0
54,J3,0,2,25,0.0
54,J4,0,0,None,0.0
54,J5,0,3,19,0.0
54,J6,0,0,None,0.0
54,J7,0,0,None,0.0
54,J8,0,1,26,0.0
55,J0,0,5,16,0.0
55,J1,0,1,27,0.0
55,J2,0,0,None,0.0
55,J3,0,3,25,0.0
55,J4,0,0,None,0.0
55,J5,0,2,22,0.0
55,J6,0,0,None,0.0
55,J7,0,0,None,0.0
55,J8,0,1,26,0.0
56,J0,0,5,16,0.0
56,J1,0,1,27,0.0
56,J2,0,0,None,0.0
56,J3,0,2,25,0.0
56,J4,0,0,None,0.0
56,J5,0,2,22,0.0
56,J6,0,0,None,0.0
56,J7,0,0,None,0.0
56,J8,0,2,26,0.0
57,J0,0,3,16,0.0
57,J1,0,1,27,0.0
57,J2,0,0,None,0.0
57,J3,0,2,25,0.0
57,J4,0,0,None,0.0
57,J5,0,2,22,0.0
57,J6,0,0,None,0.0
57,J7,0,1,20,0.0
57,J8,0,1,28,0.0
58,J0,0,3,16,0.0
58,J1,0,1,27,0.0
58,J2,0,0,None,0.0
58,J3,0,2,8,0.0
58,J4,0,0,None,0.0
58,J5,0,2,22,0.0
58,J6,0,0,None,0.0
58,J7,0,1,20,0.0
58,J8,0,1,28,0.0
59,J0,0,1,17,0.0
59,J1,0,1,27,0.0
59,J2,0,0,None,0.0
59,J3,0,2,26,0.0
59,J4,0,0,None,0.0
59,J5,0,3,22,0.0
59,J6,0,0,None,0.0
59,J7,0,1,20,0.0
59,J8,0,2,28,0.0
60,J0,0,1,17,0.0
60,J1,0,0,None,0.0
60,J2,0,0,None,0.0
60,J3,0,3,26,0.0
60,J4,0,0,None,0.0
60,J5,0,3,22,0.0
60,J6,0,0,None,0.0
60,J7,0,1,20,0.0
60,J8,0,2,28,0.0
61,J0,0,1,17,0.0
61,J1,0,0,None,0.0
61,J2,0,0,None,0.0
61,J3,0,3,26,0.0
61,J4,0,0,None,0.0
61,J5,0,4,22,0.0
61,J6,0,0,None,0.0
61,J7,0,1,20,0.0
61,J8,0,2,28,0.0
62,J0,0,1,17,0.0
62,J1,0,0,None,0.0
62,J2,0,1,27,0.0
62,J3,0,3,26,0.0
62,J4,0,0,None,0.0
62,J5,0,5,22,0.0
62,J6,0,0,None,0.0
62,J7,0,0,None,0.0
62,J8,0,1,25,0.0
63,J0,0,1,17,0.0
63,J1,0,0,None,0.0
63,J2,0,1,27,0.0
63,J3,0,4,26,0.0
63,J4,0,0,None,0.0
63,J5,0,5,22,0.0
63,J6,0,0,None,0.0
63,J7,0,0,None,0.0
63,J8,0,1,25,0.0
64,J0,0,1,17,1.0
64,J1,0,0,None,0.0
64,J2,0,2,27,0.0
64,J3,0,4,26,0.0
64,J4,0,0,None,0.0
64,J5,0,5,22,0.0
64,J6,0,0,None,0.0
64,J7,0,1,24,0.0
64,J8,0,2,25,0.0
65,J0,0,0,None,0.0
65,J1,0,0,None,0.0
65,J2,0,2,27,0.0
65,J3,0,3,20,0.0
65,J4,0,0,None,0.0
65,J5,0,5,22,0.0
65,J6,0,0,None,0.0
65,J7,0,1,24,0.0
65,J8,0,1,32,0.0
66,J0,0,0,None,0.0
66,J1,0,0,None,0.0
66,J2,0,2,27,0.0
66,J3,0,3,20,0.0
66,J4,0,0,None,0.0
66,J5,0,5,22,0.0
66,J6,0,0,None,0.0
66,J7,0,1,24,0.0
66,J8,0,1,32,0.0
67,J0,0,0,None,0.0
67,J1,0,0,None,0.0
67,J2,0,3,27,0.0
67,J3,0,3,20,0.0
67,J4,0,0,None,0.0
67,J5,0,5,22,0.0
67,J6,0,0,None,0.0
67,J7,0,2,24,0.0
67,J8,0,1,32,0.0
68,J0,0,0,None,0.0
68,J1,0,0,None,0.0
68,J2,0,2,25,0.0
68,J3,0,2,20,0.0
68,J4,0,0,None,0.0
68,J5,0,5,22,0.0
68,J6,0,1,None,0.0
68,J7,0,2,24,0.0
68,J8,0,1,32,0.0
69,J0,0,0,None,0.0
69,J1,0,0,None,0.0
69,J2,0,2,25,0.0
69,J3,0,2,20,0.0
69,J4,0,0,None,0.0
69,J5,0,4,22,0.0
69,J6,0,2,27,0.0
69,J7,0,1,17,0.0
69,J8,0,1,32,0.0
70,J0,0,0,None,0.0
70,J1,0,1,30,0.0
70,J2,0,2,25,0.0
70,J3,0,1,20,0.0
70,J4,0,0,None,0.0
70,J5,0,4,22,0.0
70,J6,0,2,27,0.0
70,J7,0,1,17,0.0
70,J8,0,1,32,0.0
71,J0,0,1,31,0.0
71,J1,0,2,30,0.0
71,J2,0,2,25,0.0
71,J3,0,2,20,0.0
71,J4,0,0,None,0.0
71,J5,0,3,22,0.0
71,J6,0,2,27,0.0
71,J7,0,1,17,0.0
71,J8,0,1,32,0.0
72,J0,0,1,31,0.0
72,J1,0,2,30,0.0
72,J2,0,1,25,0.0
72,J3,0,2,20,0.0
72,J4,0,0,None,0.0
72,J5,0,2,22,0.0
72,J6,0,2,27,0.0
72,J7,0,2,17,0.0
72,J8,0,0,None,0.0
73,J0,0,0,None,0.0
73,J1,0,2,29,0.0
73,J2,0,2,25,0.0
73,J3,0,1,24,0.0
73,J4,0,0,None,0.0
73,J5,0,2,22,0.0
73,J6,0,1,34,0.0
73,J7,0,2,17,0.0
73,J8,0,0,None,0.0
74,J0,0,1,23,0.0
74,J1,0,3,29,0.0
74,J2,0,3,25,0.0
74,J3,0,1,24,0.0
74,J4,0,2,16,0.0
74,J5,0,1,22,0.0
74,J6,0,1,34,0.0
74,J7,0,3,17,0.0
74,J8,0,0,None,0.0
75,J0,0,1,23,0.0
75,J1,0,3,29,0.0
75,J2,0,2,30,0.0
75,J3,0,1,24,0.0
75,J4,0,2,16,0.0
75,J5,0,0,None,0.0
75,J6,0,1,34,0.0
75,J7,0,3,17,0.0
75,J8,0,0,None,0.0
76,J0,0,1,23,0.0
76,J1,0,3,25,0.0
76,J2,0,2,30,0.0
76,J3,0,1,24,0.0
76,J4,0,4,16,0.0
76,J5,0,0,None,0.0
76,J6,0,1,34,0.0
76,J7,0,2,31,0.0
76,J8,0,0,None,0.0
77,J0,0,2,22,0.0
77,J1,0,3,25,0.0
77,J2,0,2,30,0.0
77,J3,0,1,24,0.0
77,J4,0,4,16,0.0
77,J5,0,0,None,0.0
77,J6,0,1,34,0.0
77,J7,0,2,31,0.0
77,J8,0,0,None,0.0
78,J0,0,3,22,0.0
78,J1,0,3,25,0.0
78,J2,0,2,30,0.0
78,J3,0,0,None,0.0
78,J4,0,4,16,0.0
78,J5,0,0,None,0.0
78,J6,0,1,34,0.0
78,J7,0,2,31,0.0
78,J8,0,1,None,0.0
79,J0,0,3,22,0.0
79,J1,0,2,25,0.0
79,J2,0,2,30,0.0
79,J3,0,0,None,0.0
79,J4,0,4,16,0.0
79,J5,0,0,None,0.0
79,J6,0,0,None,0.0
79,J7,0,3,31,0.0
79,J8,0,1,39,0.0
80,J0,0,2,29,0.0
80,J1,0,3,25,0.0
80,J2,0,1,32,0.0
80,J3,0,0,None,0.0
80,J4,0,4,27,0.0
80,J5,0,0,None,0.0
80,J6,0,0,None,0.0
80,J7,0,3,31,0.0
80,J8,0,1,39,0.0
81,J0,0,2,29,0.0
81,J1,0,3,25,0.0
81,J2,0,1,34,0.0
81,J3,0,1,28,0.0
81,J4,0,4,27,0.0
81,J5,0,0,None,0.0
81,J6,0,2,16,0.0
81,J7,0,3,31,0.0
81,J8,0,1,39,0.0
82,J0,0,2,29,0.0
82,J1,0,3,25,0.0
82,J2,0,1,34,0.0
82,J3,0,1,28,0.0
82,J4,0,4,27,0.0
82,J5,0,0,None,0.0
82,J6,0,3,16,0.0
82,J7,0,2,23,0.0
82,J8,0,1,39,0.0
83,J0,0,2,29,0.0
83,J1,0,3,24,0.0
83,J2,0,1,34,0.0
83,J3,0,1,28,0.0
83,J4,0,4,27,0.0
83,J5,0,0,None,0.0
83,J6,0,3,16,0.0
83,J7,0,1,23,0.0
83,J8,0,0,None,0.0
84,J0,0,2,29,0.0
84,J1,0,3,24,0.0
84,J2,0,0,None,0.0
84,J3,0,3,28,0.0
84,J4,0,3,33,0.0
84,J5,0,1,None,0.0
84,J6,0,3,16,0.0
84,J7,0,1,23,0.0
84,J8,0,0,None,0.0
85,J0,0,3,29,0.0
85,J1,0,4,24,0.0
85,J2,0,0,None,0.0
85,J3,0,2,25,0.0
85,J4,0,3,33,0.0
85,J5,0,1,42,0.0
85,J6,0,3,16,0.0
85,J7,0,1,23,0.0
85,J8,0,0,None,0.0
86,J0,0,3,29,0.0
86,J1,0,6,24,0.0
86,J2,0,0,None,0.0
86,J3,0,2,25,0.0
86,J4,0,3,33,0.0
86,J5,0,1,42,0.0
86,J6,0,3,16,0.0
86,J7,0,1,23,0.0
86,J8,0,0,None,0.0
87,J0,0,3,29,0.0
87,J1,0,6,24,0.0
87,J2,0,0,None,0.0
87,J3,0,2,25,0.0
87,J4,0,3,33,0.0
87,J5,0,1,42,0.0
87,J6,0,2,30,0.0
87,J7,0,1,23,0.0
87,J8,0,0,None,0.0
88,J0,0,2,36,0.0
88,J1,0,5,27,0.0
88,J2,0,0,None,0.0
88,J3,0,2,25,0.0
88,J4,0,2,33,0.0
88,J5,0,1,42,0.0
88,J6,0,2,41,0.0
88,J7,0,0,None,0.0
88,J8,0,0,None,0.0
89,J0,0,1,36,0.0
89,J1,0,2,34,0.0
89,J2,0,0,None,0.0
89,J3,0,2,23,0.0
89,J4,0,2,33,0.0
89,J5,0,2,42,0.0
89,J6,0,2,41,0.0
89,J7,0,0,None,0.0
89,J8,0,0,None,0.0
90,J0,0,1,36,0.0
90,J1,0,2,34,0.0
90,J2,0,0,None,0.0
90,J3,0,2,23,0.0
90,J4,0,3,30,0.0
90,J5,0,2,42,0.0
90,J6,0,3,41,0.0
90,J7,0,0,None,0.0
90,J8,0,0,None,0.0
91,J0,0,1,36,0.0
91,J1,0,3,34,0.0
91,J2,0,0,None,0.0
91,J3,0,2,23,0.0
91,J4,0,2,30,0.0
91,J5,0,2,42,0.0
91,J6,0,3,41,0.0
91,J7,0,1,25,0.0
91,J8,0,0,None,0.0
92,J0,0,2,36,0.0
92,J1,0,3,34,0.0
92,J2,0,0,None,0.0
92,J3,0,3,23,0.0
92,J4,0,2,30,0.0
92,J5,0,0,None,0.0
92,J6,0,4,41,0.0
92,J7,0,1,25,0.0
92,J8,0,0,None,0.0
93,J0,0,2,36,0.0
93,J1,0,2,37,0.0
93,J2,0,0,None,0.0
93,J3,0,3,23,0.0
93,J4,0,3,30,0.0
93,J5,0,0,None,0.0
93,J6,0,3,33,0.0
93,J7,0,1,25,0.0
93,J8,0,0,None,0.0
94,J0,0,1,46,0.0
94,J1,0,2,37,0.0
94,J2,0,0,None,0.0
94,J3,0,3,23,0.0
94,J4,0,3,30,0.0
94,J5,0,1,None,0.0
94,J6,0,3,33,0.0
94,J7,0,1,25,0.0
94,J8,0,0,None,0.0
95,J0,0,1,46,0.0
95,J1,0,2,37,0.0
95,J2,0,1,41,0.0
95,J3,0,4,23,0.0
95,J4,0,2,40,0.0
95,J5,0,1,47,0.0
95,J6,0,4,33,0.0
95,J7,0,1,25,0.0
95,J8,0,0,None,0.0
96,J0,0,1,46,0.0
96,J1,0,4,37,0.0
96,J2,0,1,41,0.0
96,J3,0,4,32,0.0
96,J4,0,2,40,0.0
96,J5,0,1,47,0.0
96,J6,0,4,33,0.0
96,J7,0,1,25,0.0
96,J8,0,0,None,0.0
97,J0,0,1,46,0.0
97,J1,0,5,37,0.0
97,J2,0,1,41,0.0
97,J3,0,4,32,0.0
97,J4,0,2,40,0.0
97,J5,0,1,47,0.0
97,J6,0,3,33,0.0
97,J7,0,0,None,0.0
97,J8,0,0,None,0.0
98,J0,0,0,None,0.0
98,J1,0,5,37,0.0
98,J2,0,0,None,0.0
98,J3,0,4,32,0.0
98,J4,0,2,40,0.0
98,J5,0,1,47,0.0
98,J6,0,3,33,0.0
98,J7,0,1,None,0.0
98,J8,0,0,None,0.0
99,J0,0,1,25,0.0
99,J1,0,5,37,0.0
99,J2,0,0,None,0.0
99,J3,0,4,32,0.0
99,J4,0,2,40,0.0
99,J5,0,1,46,0.0
99,J6,0,3,33,0.0
99,J7,0,1,49,0.0
99,J8,0,0,None,0.0
100,J0,0,1,25,0.0
100,J1,0,7,37,0.0
100,J2,0,1,44,0.0
100,J3,0,4,32,0.0
100,J4,0,2,40,0.0
100,J5,0,1,46,0.0
100,J6,0,3,33,0.0
100,J7,0,1,49,0.0
100,J8,0,0,None,0.0
101,J0,0,1,25,0.0
101,J1,0,5,37,0.0
101,J2,0,1,44,0.0
101,J3,0,3,34,0.0
101,J4,0,3,40,0.0
101,J5,0,1,46,0.0
101,J6,0,2,33,0.0
101,J7,0,1,49,0.0
101,J8,0,0,None,0.0
102,J0,0,1,25,0.0
102,J1,0,5,37,0.0
102,J2,0,0,None,0.0
102,J3,0,2,34,0.0
102,J4,0,3,40,0.0
102,J5,0,1,None,0.0
102,J6,0,2,33,0.0
102,J7,0,1,49,0.0
102,J8,0,0,None,0.0
103,J0,0,0,None,0.0
103,J1,0,3,36,0.0
103,J2,0,0,None,0.0
103,J3,0,3,34,0.0
103,J4,0,4,40,0.0
103,J5,0,1,51,0.0
103,J6,0,2,33,0.0
103,J7,0,2,49,0.0
103,J8,0,1,44,0.0
104,J0,0,1,None,0.0
104,J1,0,3,36,0.0
104,J2,0,1,38,0.0
104,J3,0,1,43,0.0
104,J4,0,4,40,0.0
104,J5,0,1,51,0.0
104,J6,0,1,35,0.0
104,J7,0,2,49,0.0
104,J8,0,1,44,0.0
105,J0,0,1,52,0.0
105,J1,0,3,36,0.0
105,J2,0,1,38,0.0
105,J3,0,1,43,0.0
105,J4,0,4,40,0.0
105,J5,0,1,51,0.0
105,J6,0,1,35,0.0
105,J7,0,1,32,0.0
105,J8,0,1,44,0.0
106,J0,0,1,52,0.0
106,J1,0,2,41,0.0
106,J2,0,2,38,0.0
106,J3,0,2,43,0.0
106,J4,0,4,40,0.0
106,J5,0,0,None,0.0
106,J6,0,0,None,0.0
106,J7,0,2,32,0.0
106,J8,0,1,44,0.0
107,J0,0,1,52,0.0
107,J1,0,2,41,0.0
107,J2,0,1,33,0.0
107,J3,0,2,43,0.0
107,J4,0,3,40,0.0
107,J5,0,0,None,0.0
107,J6,0,0,None,0.0
107,J7,0,2,32,0.0
107,J8,0,0,None,0.0
108,J0,0,2,52,0.0
108,J1,0,4,41,0.0
108,J2,0,2,33,0.0
108,J3,0,2,43,0.0
108,J4,0,2,37,0.0
108,J5,0,0,None,0.0
108,J6,0,0,None,0.0
108,J7,0,3,32,0.0
108,J8,0,1,None,0.0
109,J0,0,2,52,0.0
109,J1,0,3,38,0.0
109,J2,0,2,33,0.0
109,J3,0,2,43,0.0
109,J4,0,2,37,0.0
109,J5,0,1,40,0.0
109,J6,0,0,None,0.0
109,J7,0,3,32,0.0
109,J8,0,1,54,0.0
110,J0,0,1,None,0.0
110,J1,0,3,38,0.0
110,J2,0,2,33,0.0
110,J3,0,2,43,0.0
110,J4,0,1,46,0.0
110,J5,0,1,40,0.0
110,J6,0,0,None,0.0
110,J7,0,3,32,0.0
110,J8,0,1,54,0.0
111,J0,0,2,41,0.0
111,J1,0,3,38,0.0
111,J2,0,2,33,0.0
111,J3,0,1,49,0.0
111,J4,0,1,46,0.0
111,J5,0,1,40,0.0
111,J6,0,0,None,0.0
111,J7,0,3,32,0.0
111,J8,0,1,54,0.0
112,J0,0,3,41,0.0
112,J1,0,4,38,0.0
112,J2,0,2,33,0.0
112,J3,0,1,49,0.0
112,J4,0,0,None,0.0
112,J5,0,2,40,0.0
112,J6,0,0,None,0.0
112,J7,0,1,39,0.0
112,J8,0,1,54,0.0
113,J0,0,3,41,0.0
113,J1,0,3,38,0.0
113,J2,0,1,35,0.0
113,J3,0,1,49,0.0
113,J4,0,0,None,0.0
113,J5,0,2,40,0.0
113,J6,0,0,None,0.0
113,J7,0,2,39,0.0
113,J8,0,1,54,0.0
114,J0,0,3,41,0.0
114,J1,0,4,38,0.0
114,J2,0,1,35,0.0
114,J3,0,3,49,0.0
114,J4,0,1,50,0.0
114,J5,0,2,40,0.0
114,J6,0,0,None,0.0
114,J7,0,1,43,0.0
114,J8,0,1,33,0.0
115,J0,0,3,41,0.0
115,J1,0,4,38,0.0
115,J2,0,0,None,0.0
115,J3,0,3,49,0.0
115,J4,0,1,50,0.0
115,J5,0,1,37,0.0
115,J6,0,1,46,0.0
115,J7,0,2,43,0.0
115,J8,0,1,33,0.0
116,J0,0,3,41,0.0
116,J1,0,4,38,0.0
116,J2,0,0,None,0.0
116,J3,0,4,49,0.0
116,J4,0,1,50,0.0
116,J5,0,1,37,0.0
116,J6,0,1,46,0.0
116,J7,0,2,43,0.0
116,J8,0,1,33,0.0
117,J0,0,2,55,0.0
117,J1,0,4,38,0.0
117,J2,0,0,None,0.0
117,J3,0,3,47,0.0
117,J4,0,1,50,0.0
117,J5,0,1,37,0.0
117,J6,0,1,46,0.0
117,J7,0,2,43,0.0
117,J8,0,0,None,0.0
118,J0,0,2,55,0.0
118,J1,0,4,35,0.0
118,J2,0,0,None,0.0
118,J3,0,2,53,0.0
118,J4,0,0,None,0.0
118,J5,0,1,37,0.0
118,J6,0,1,46,0.0
118,J7,0,3,43,0.0
118,J8,0,0,None,0.0
119,J0,0,2,55,0.0
119,J1,0,5,35,0.0
119,J2,0,0,None,0.0
119,J3,0,2,53,0.0
119,J4,0,0,None,0.0
119,J5,0,1,37,0.0
119,J6,0,1,46,0.0
119,J7,0,2,41,0.0
119,J8,0,0,None,0.0
120,J0,0,1,56,0.0
120,J1,0,5,35,0.0
120,J2,0,0,None,0.0
120,J3,0,2,53,0.0
120,J4,0,0,None,0.0
120,J5,0,2,37,0.0
120,J6,0,0,None,0.0
120,J7,0,4,41,0.0
120,J8,0,0,None,0.0
121,J0,0,1,56,0.0
121,J1,0,5,35,0.0
121,J2,0,1,46,0.0
121,J3,0,2,53,0.0
121,J4,0,0,None,0.0
121,J5,0,1,60,0.0
121,J6,0,0,None,0.0
121,J7,0,4,41,0.0
121,J8,0,0,None,0.0
122,J0,0,1,56,0.0
122,J1,0,5,35,0.0
122,J2,0,1,46,0.0
122,J3,0,3,53,0.0
122,J4,0,0,None,0.0
122,J5,0,2,60,0.0
122,J6,0,0,None,0.0
122,J7,0,4,47,0.0
122,J8,0,0,None,0.0
123,J0,0,1,56,0.0
123,J1,0,4,48,0.0
123,J2,0,1,46,0.0
123,J3,0,3,53,0.0
123,J4,0,0,None,0.0
123,J5,0,1,55,0.0
123,J6,0,0,None,0.0
123,J7,0,4,47,0.0
123,J8,0,0,None,0.0
124,J0,0,0,None,0.0
124,J1,0,4,48,0.0
124,J2,0,0,None,0.0
124,J3,0,2,54,0.0
124,J4,0,0,None,0.0
124,J5,0,1,55,0.0
124,J6,0,0,None,0.0
124,J7,0,5,47,0.0
124,J8,0,0,None,0.0
125,J0,0,0,None,0.0
125,J1,0,5,48,0.0
125,J2,0,0,None,0.0
125,J3,0,2,54,0.0
125,J4,0,1,60,0.0
125,J5,0,1,55,0.0
125,J6,0,0,None,0.0
125,J7,0,5,47,0.0
125,J8,0,0,None,0.0
126,J0,0,1,None,0.0
126,J1,0,5,46,0.0
126,J2,0,0,None,0.0
126,J3,0,2,54,0.0
126,J4,0,1,60,0.0
126,J5,0,1,55,0.0
126,J6,0,0,None,0.0
126,J7,0,4,47,0.0
126,J8,0,0,None,0.0
127,J0,0,1,63,0.0
127,J1,0,5,46,0.0
127,J2,0,0,None,0.0
127,J3,0,3,54,0.0
127,J4,0,1,60,0.0
127,J5,0,0,None,0.0
127,J6,0,0,None,0.0
127,J7,0,4,47,0.0
127,J8,0,0,None,0.0
128,J0,0,1,63,0.0
128,J1,0,5,46,0.0
128,J2,0,0,None,0.0
128,J3,0,3,54,0.0
128,J4,0,2,60,0.0
128,J5,0,0,None,0.0
128,J6,0,0,None,0.0
128,J7,0,4,47,0.0
128,J8,0,0,None,0.0
129,J0,0,1,63,0.0
129,J1,0,4,46,0.0
129,J2,0,1,48,0.0
129,J3,0,3,54,0.0
129,J4,0,2,55,0.0
129,J5,0,0,None,0.0
129,J6,0,0,None,0.0
129,J7,0,4,47,0.0
129,J8,0,0,None,0.0
130,J0,0,1,63,0.0
130,J1,0,4,46,0.0
130,J2,0,1,48,0.0
130,J3,0,3,54,0.0
130,J4,0,2,55,0.0
130,J5,0,0,None,0.0
130,J6,0,0,None,0.0
130,J7,0,4,47,0.0
130,J8,0,0,None,0.0
131,J0,0,1,63,0.0
131,J1,0,4,49,0.0
131,J2,0,1,48,0.0
131,J3,0,3,51,0.0
131,J4,0,2,55,0.0
131,J5,0,0,None,0.0
131,J6,0,0,None,0.0
131,J7,0,4,47,0.0
131,J8,0,0,None,0.0
132,J0,0,1,63,0.0
132,J1,0,4,49,0.0
132,J2,0,1,48,0.0
132,J3,0,3,51,0.0
132,J4,0,2,55,0.0
132,J5,0,0,None,0.0
132,J6,0,0,None,0.0
132,J7,0,5,47,0.0
132,J8,0,0,None,0.0
133,J0,0,1,63,0.0
133,J1,0,4,52,0.0
133,J2,0,1,48,0.0
133,J3,0,3,51,0.0
133,J4,0,2,55,0.0
133,J5,0,0,None,0.0
133,J6,0,0,None,0.0
133,J7,0,5,47,0.0
133,J8,0,0,None,0.0
134,J0,0,0,None,0.0
134,J1,0,4,52,0.0
134,J2,0,1,48,0.0
134,J3,0,2,59,0.0
134,J4,0,1,64,0.0
134,J5,0,0,None,0.0
134,J6,0,0,None,0.0
134,J7,0,5,47,0.0
134,J8,0,0,None,0.0
135,J0,0,0,None,0.0
135,J1,0,3,54,0.0
135,J2,0,0,None,0.0
135,J3,0,1,65,0.0
135,J4,0,2,64,0.0
135,J5,0,0,None,0.0
135,J6,0,1,55,0.0
135,J7,0,5,47,0.0
135,J8,0,0,None,0.0
136,J0,0,0,None,0.0
136,J1,0,3,54,0.0
136,J2,0,0,None,0.0
136,J3,0,1,65,0.0
136,J4,0,2,64,0.0
136,J5,0,1,None,0.0
136,J6,0,1,55,0.0
136,J7,0,5,47,0.0
136,J8,0,0,None,0.0
137,J0,0,0,None,0.0
137,J1,0,3,54,0.0
137,J2,0,0,None,0.0
137,J3,0,2,65,0.0
137,J4,0,1,49,0.0
137,J5,0,1,68,0.0
137,J6,0,1,55,0.0
137,J7,0,4,47,0.0
137,J8,0,0,None,0.0
138,J0,0,0,None,0.0
138,J1,0,4,54,0.0
138,J2,0,0,None,0.0
138,J3,0,2,52,0.0
138,J4,0,1,49,0.0
138,J5,0,1,68,0.0
138,J6,0,1,55,0.0
138,J7,0,5,47,0.0
138,J8,0,0,None,0.0
139,J0,0,0,None,0.0
139,J1,0,2,54,0.0
139,J2,0,0,None,0.0
139,J3,0,2,52,0.0
139,J4,0,1,49,0.0
139,J5,0,1,68,0.0
139,J6,0,1,64,0.0
139,J7,0,5,47,0.0
139,J8,0,0,None,0.0
140,J0,0,2,66,0.0
140,J1,0,2,54,0.0
140,J2,0,0,None,0.0
140,J3,0,2,52,0.0
140,J4,0,2,49,0.0
140,J5,0,1,68,0.0
140,J6,0,1,64,0.0
140,J7,0,5,58,0.0
140,J8,0,0,None,0.0
141,J0,0,2,66,0.0
141,J1,0,2,54,0.0
141,J2,0,0,None,0.0
141,J3,0,1,62,0.0
141,J4,0,2,49,0.0
141,J5,0,0,None,0.0
141,J6,0,1,64,0.0
141,J7,0,4,58,0.0
141,J8,0,0,None,0.0
142,J0,0,2,66,0.0
142,J1,0,1,59,0.0
142,J2,0,0,None,0.0
142,J3,0,1,62,0.0
142,J4,0,1,61,0.0
142,J5,0,0,None,0.0
142,J6,0,1,64,0.0
142,J7,0,4,58,0.0
142,J8,0,0,None,0.0
143,J0,0,5,66,0.0
143,J1,0,1,59,0.0
143,J2,0,1,56,0.0
143,J3,0,1,62,0.0
143,J4,0,1,61,0.0
143,J5,0,0,None,0.0
143,J6,0,1,64,0.0
143,J7,0,5,58,0.0
143,J8,0,0,None,0.0
144,J0,0,5,66,0.0
144,J1,0,0,None,0.0
144,J2,0,1,56,0.0
144,J3,0,1,62,0.0
144,J4,0,1,61,0.0
144,J5,0,1,49,0.0
144,J6,0,0,None,0.0
144,J7,0,6,58,0.0
144,J8,0,0,None,0.0
145,J0,0,4,54,0.0
145,J1,0,1,None,0.0
145,J2,0,1,56,0.0
145,J3,0,2,62,0.0
145,J4,0,1,59,0.0
145,J5,0,1,49,0.0
145,J6,0,0,None,0.0
145,J7,0,5,52,0.0
145,J8,0,0,None,0.0
146,J0,0,4,54,0.0
146,J1,0,1,72,0.0
146,J2,0,2,56,0.0
146,J3,0,2,62,0.0
146,J4,0,1,59,0.0
146,J5,0,1,49,0.0
146,J6,0,0,None,0.0
146,J7,0,5,52,0.0
146,J8,0,0,None,0.0
147,J0,0,4,54,0.0
147,J1,0,1,72,0.0
147,J2,0,2,56,0.0
147,J3,0,2,62,0.0
147,J4,0,1,59,0.0
147,J5,0,1,49,0.0
147,J6,0,0,None,0.0
147,J7,0,5,52,0.0
147,J8,0,0,None,0.0
148,J0,0,4,54,0.0
148,J1,0,1,72,0.0
148,J2,0,2,56,0.0
148,J3,0,2,63,0.0
148,J4,0,1,59,0.0
148,J5,0,1,49,0.0
148,J6,0,0,None,0.0
148,J7,0,5,52,0.0
148,J8,0,0,None,0.0
149,J0,0,4,54,0.0
149,J1,0,1,72,0.0
149,J2,0,1,73,0.0
149,J3,0,2,63,0.0
149,J4,0,0,None,0.0
149,J5,0,1,49,0.0
149,J6,0,0,None,0.0
149,J7,0,5,52,0.0
149,J8,0,1,62,0.0
150,J0,0,4,54,0.0
150,J1,0,2,72,0.0
150,J2,0,1,73,0.0
150,J3,0,2,63,0.0
150,J4,0,0,None,0.0
150,J5,0,2,49,0.0
150,J6,0,0,None,0.0
150,J7,0,6,52,0.0
150,J8,0,1,62,0.0
151,J0,0,4,54,0.0
151,J1,0,2,72,0.0
151,J2,0,1,73,0.0
151,J3,0,1,74,0.0
151,J4,0,0,None,0.0
151,J5,0,1,59,0.0
151,J6,0,0,None,0.0
151,J7,0,4,52,0.0
151,J8,0,2,62,0.0
152,J0,0,4,54,0.0
152,J1,0,2,72,0.0
152,J2,0,1,73,0.0
152,J3,0,2,74,0.0
152,J4,0,0,None,0.0
152,J5,0,1,59,0.0
152,J6,0,0,None,0.0
152,J7,0,4,52,0.0
152,J8,0,3,62,0.0
153,J0,0,5,54,0.0
153,J1,0,1,70,0.0
153,J2,0,1,73,0.0
153,J3,0,2,74,0.0
153,J4,0,0,None,0.0
153,J5,0,1,59,0.0
153,J6,0,0,None,0.0
153,J7,0,3,52,0.0
153,J8,0,3,62,0.0
154,J0,0,4,49,0.0
154,J1,0,1,70,0.0
154,J2,0,2,73,0.0
154,J3,0,2,74,0.0
154,J4,0,0,None,0.0
154,J5,0,1,59,0.0
154,J6,0,0,None,0.0
154,J7,0,3,52,0.0
154,J8,0,2,56,0.0
155,J0,0,4,49,0.0
155,J1,0,1,70,0.0
155,J2,0,1,72,0.0
155,J3,0,2,74,0.0
155,J4,0,0,None,0.0
155,J5,0,1,59,0.0
155,J6,0,0,None,0.0
155,J7,0,4,52,0.0
155,J8,0,2,56,0.0
156,J0,0,4,49,0.0
156,J1,0,1,73,0.0
156,J2,0,2,72,0.0
156,J3,0,2,69,0.0
156,J4,0,0,None,0.0
156,J5,0,2,59,0.0
156,J6,0,0,None,0.0
156,J7,0,3,52,0.0
156,J8,0,2,56,0.0
157,J0,0,4,49,0.0
157,J1,0,1,73,0.0
157,J2,0,2,72,0.0
157,J3,0,2,69,0.0
157,J4,0,1,70,0.0
157,J5,0,1,78,0.0
157,J6,0,0,None,0.0
157,J7,0,3,52,0.0
157,J8,0,2,56,0.0
158,J0,0,5,49,0.0
158,J1,0,2,73,0.0
158,J2,0,2,72,0.0
158,J3,0,3,69,0.0
158,J4,0,1,70,0.0
158,J5,0,1,78,0.0
158,J6,0,1,None,0.0
158,J7,0,3,52,0.0
158,J8,0,1,56,0.0
159,J0,0,4,49,0.0
159,J1,0,2,73,0.0
159,J2,0,2,72,0.0
159,J3,0,3,69,0.0
159,J4,0,1,70,0.0
159,J5,0,1,78,0.0
159,J6,0,1,79,0.0
159,J7,0,3,52,1.0
159,J8,0,0,None,0.0
160,J0,0,4,49,0.0
160,J1,0,2,73,0.0
160,J2,0,3,72,0.0
160,J3,0,3,69,0.0
160,J4,0,1,70,0.0
160,J5,0,0,None,0.0
160,J6,0,2,79,0.0
160,J7,0,2,52,0.0
160,J8,0,0,None,0.0
161,J0,0,4,49,0.0
161,J1,0,2,68,0.0
161,J2,0,3,72,0.0
161,J3,0,3,69,0.0
161,J4,0,2,78,0.0
161,J5,0,0,None,0.0
161,J6,0,2,79,0.0
161,J7,0,1,71,0.0
161,J8,0,0,None,0.0
162,J0,0,4,58,0.0
162,J1,0,3,68,0.0
162,J2,0,3,72,0.0
162,J3,0,3,69,0.0
162,J4,0,2,78,0.0
162,J5,0,0,None,0.0
162,J6,0,2,79,0.0
162,J7,0,1,71,0.0
162,J8,0,0,None,0.0
163,J0,0,4,58,0.0
163,J1,0,3,68,0.0
163,J2,0,3,72,0.0
163,J3,0,3,54,0.0
163,J4,0,2,78,0.0
163,J5,0,1,70,0.0
163,J6,0,2,80,0.0
163,J7,0,1,71,0.0
163,J8,0,0,None,0.0
164,J0,0,3,58,0.0
164,J1,0,3,68,0.0
164,J2,0,2,62,0.0
164,J3,0,4,54,0.0
164,J4,0,3,78,0.0
164,J5,0,1,70,0.0
164,J6,0,2,80,0.0
164,J7,0,0,None,0.0
164,J8,0,0,None,0.0
165,J0,0,3,58,0.0
165,J1,0,3,68,0.0
165,J2,0,1,63,0.0
165,J3,0,4,54,0.0
165,J4,0,3,78,0.0
165,J5,0,1,70,0.0
165,J6,0,2,80,0.0
165,J7,0,0,None,0.0
165,J8,0,0,None,0.0
166,J0,0,3,65,0.0
166,J1,0,2,74,0.0
166,J2,0,1,63,0.0
166,J3,0,4,54,0.0
166,J4,0,2,77,0.0
166,J5,0,2,70,0.0
166,J6,0,3,80,0.0
166,J7,0,1,None,0.0
166,J8,0,0,None,0.0
167,J0,0,3,65,0.0
167,J1,0,3,74,0.0
167,J2,0,2,63,0.0
167,J3,0,3,54,0.0
167,J4,0,2,77,0.0
167,J5,0,2,70,0.0
167,J6,0,2,72,0.0
167,J7,0,1,83,0.0
167,J8,0,0,None,0.0
168,J0,0,3,65,0.0
168,J1,0,3,74,0.0
168,J2,0,2,63,0.0
168,J3,0,3,54,0.0
168,J4,0,2,77,0.0
168,J5,0,2,70,0.0
168,J6,0,2,72,0.0
168,J7,0,1,83,0.0
168,J8,0,1,None,0.0
169,J0,0,3,65,0.0
169,J1,0,4,74,0.0
169,J2,0,2,63,0.0
169,J3,0,2,54,0.0
169,J4,0,3,77,0.0
169,J5,0,0,None,0.0
169,J6,0,2,72,0.0
169,J7,0,1,83,0.0
169,J8,0,1,84,0.0
170,J0,0,2,71,0.0
170,J1,0,3,69,0.0
170,J2,0,2,63,0.0
170,J3,0,2,54,0.0
170,J4,0,1,80,0.0
170,J5,0,0,None,0.0
170,J6,0,3,72,0.0
170,J7,0,1,83,0.0
170,J8,0,1,84,0.0
171,J0,0,3,71,0.0
171,J1,0,4,69,0.0
171,J2,0,1,68,0.0
171,J3,0,1,54,0.0
171,J4,0,1,80,0.0
171,J5,0,0,None,0.0
171,J6,0,3,72,0.0
171,J7,0,1,83,0.0
171,J8,0,1,84,0.0
172,J0,0,3,71,0.0
172,J1,0,6,69,0.0
172,J2,0,1,68,0.0
172,J3,0,0,None,0.0
172,J4,0,1,80,0.0
172,J5,0,1,None,0.0
172,J6,0,4,72,0.0
172,J7,0,0,None,0.0
172,J8,0,2,84,0.0
173,J0,0,3,71,0.0
173,J1,0,6,69,0.0
173,J2,0,1,68,0.0
173,J3,0,0,None,0.0
173,J4,0,2,80,0.0
173,J5,0,1,86,0.0
173,J6,0,3,62,0.0
173,J7,0,0,None,0.0
173,J8,0,2,84,0.0
174,J0,0,3,73,0.0
174,J1,0,6,69,0.0
174,J2,0,1,68,0.0
174,J3,0,0,None,0.0
174,J4,0,2,80,0.0
174,J5,0,1,86,0.0
174,J6,0,3,62,0.0
174,J7,0,0,None,0.0
174,J8,0,1,82,0.0
175,J0,0,3,73,0.0
175,J1,0,6,69,0.0
175,J2,0,0,None,0.0
175,J3,0,0,None,0.0
175,J4,0,2,72,0.0
175,J5,0,1,86,0.0
175,J6,0,3,62,0.0
175,J7,0,0,None,0.0
175,J8,0,2,82,0.0
176,J0,0,3,73,0.0
176,J1,0,6,69,0.0
176,J2,0,1,84,0.0
176,J3,0,1,None,0.0
176,J4,0,2,72,0.0
176,J5,0,1,86,0.0
176,J6,0,2,63,0.0
176,J7,0,0,None,0.0
176,J8,0,2,82,0.0
177,J0,0,3,73,0.0
177,J1,0,7,69,0.0
177,J2,0,1,84,0.0
177,J3,0,1,88,0.0
177,J4,0,2,72,0.0
177,J5,0,1,86,0.0
177,J6,0,3,63,0.0
177,J7,0,0,None,0.0
177,J8,0,2,82,0.0
178,J0,0,2,74,0.0
178,J1,0,7,69,0.0
178,J2,0,1,84,0.0
178,J3,0,1,88,0.0
178,J4,0,2,72,0.0
178,J5,0,1,86,0.0
178,J6,0,3,63,0.0
178,J7,0,0,None,0.0
178,J8,0,2,82,0.0
179,J0,0,2,74,0.0
179,J1,0,7,69,0.0
179,J2,0,2,84,0.0
179,J3,0,1,88,0.0
179,J4,0,1,72,0.0
179,J5,0,1,86,0.0
179,J6,0,3,63,0.0
179,J7,0,1,73,0.0
179,J8,0,1,54,0.0
180,J0,0,2,74,0.0
180,J1,0,7,69,0.0
180,J2,0,2,82,0.0
180,J3,0,1,88,0.0
180,J4,0,1,72,0.0
180,J5,0,1,81,0.0
180,J6,0,3,63,0.0
180,J7,0,1,73,0.0
180,J8,0,1,54,0.0
181,J0,0,2,74,0.0
181,J1,0,7,69,0.0
181,J2,0,2,82,0.0
181,J3,0,1,88,0.0
181,J4,0,0,None,0.0
181,J5,0,1,81,0.0
181,J6,0,2,68,0.0
181,J7,0,2,73,0.0
181,J8,0,1,54,0.0
182,J0,0,3,74,0.0
182,J1,0,7,69,0.0
182,J2,0,2,82,0.0
182,J3,0,1,88,0.0
182,J4,0,2,63,0.0
182,J5,0,1,81,0.0
182,J6,0,1,68,0.0
182,J7,0,2,73,0.0
182,J8,0,1,54,0.0
183,J0,0,2,74,0.0
183,J1,0,6,69,0.0
183,J2,0,1,82,0.0
183,J3,0,0,None,0.0
183,J4,0,2,63,0.0
183,J5,0,1,81,0.0
183,J6,0,0,None,0.0
183,J7,0,1,89,0.0
183,J8,0,1,54,0.0
184,J0,0,2,74,0.0
184,J1,0,7,69,0.0
184,J2,0,1,82,0.0
184,J3,0,1,78,0.0
184,J4,0,2,63,0.0
184,J5,0,1,81,0.0
184,J6,0,0,None,0.0
184,J7,0,1,89,0.0
184,J8,0,2,54,0.0
185,J0,0,1,86,0.0
185,J1,0,8,69,0.0
185,J2,0,0,None,0.0
185,J3,0,1,78,0.0
185,J4,0,3,63,0.0
185,J5,0,0,None,0.0
185,J6,0,0,None,0.0
185,J7,0,1,89,0.0
185,J8,0,1,88,0.0
186,J0,0,0,None,0.0
186,J1,0,6,75,0.0
186,J2,0,1,79,0.0
186,J3,0,1,78,0.0
186,J4,0,4,63,0.0
186,J5,0,0,None,0.0
186,J6,0,1,None,0.0
186,J7,0,1,89,0.0
186,J8,0,1,88,0.0
187,J0,0,1,81,0.0
187,J1,0,7,75,0.0
187,J2,0,3,79,0.0
187,J3,0,1,78,0.0
187,J4,0,3,68,0.0
187,J5,0,0,None,0.0
187,J6,0,1,93,0.0
187,J7,0,1,74,0.0
187,J8,0,1,88,0.0
188,J0,0,2,81,0.0
188,J1,0,5,82,0.0
188,J2,0,3,79,0.0
188,J3,0,1,84,0.0
188,J4,0,4,68,0.0
188,J5,0,0,None,0.0
188,J6,0,1,93,0.0
188,J7,0,1,74,0.0
188,J8,0,1,88,0.0
189,J0,0,2,81,0.0
189,J1,0,5,82,0.0
189,J2,0,3,79,0.0
189,J3,0,2,84,0.0
189,J4,0,3,68,0.0
189,J5,0,0,None,0.0
189,J6,0,1,93,0.0
189,J7,0,1,74,0.0
189,J8,0,1,88,0.0
190,J0,0,2,69,0.0
190,J1,0,5,82,0.0
190,J2,0,3,79,0.0
190,J3,0,2,84,0.0
190,J4,0,3,68,0.0
190,J5,0,1,None,0.0
190,J6,0,1,93,0.0
190,J7,0,1,74,0.0
190,J8,0,0,None,0.0
191,J0,0,2,69,0.0
191,J1,0,6,82,0.0
191,J2,0,4,54,0.0
191,J3,0,2,84,0.0
191,J4,0,3,68,0.0
191,J5,0,1,95,0.0
191,J6,0,0,None,0.0
191,J7,0,2,74,0.0
191,J8,0,0,None,0.0
192,J0,0,2,69,0.0
192,J1,0,7,82,0.0
192,J2,0,4,54,0.0
192,J3,0,1,89,0.0
192,J4,0,2,68,0.0
192,J5,0,1,95,0.0
192,J6,0,0,None,0.0
192,J7,0,1,81,0.0
192,J8,0,0,None,0.0
193,J0,0,2,69,0.0
193,J1,0,7,82,0.0
193,J2,0,4,54,0.0
193,J3,0,2,89,0.0
193,J4,0,3,68,0.0
193,J5,0,1,95,0.0
193,J6,0,1,94,0.0
193,J7,0,1,81,0.0
193,J8,0,1,84,0.0
194,J0,0,1,75,0.0
194,J1,0,7,82,0.0
194,J2,0,3,54,0.0
194,J3,0,2,89,0.0
194,J4,0,1,93,0.0
194,J5,0,1,95,0.0
194,J6,0,1,94,0.0
194,J7,0,1,81,0.0
194,J8,0,1,84,0.0
195,J0,0,1,75,0.0
195,J1,0,7,82,0.0
195,J2,0,2,80,0.0
195,J3,0,2,89,0.0
195,J4,0,1,93,0.0
195,J5,0,1,95,0.0
195,J6,0,1,94,0.0
195,J7,0,2,81,0.0
195,J8,0,1,84,0.0
196,J0,0,1,75,0.0
196,J1,0,8,82,0.0
196,J2,0,2,80,0.0
196,J3,0,2,89,0.0
196,J4,0,1,93,0.0
196,J5,0,2,95,0.0
196,J6,0,1,94,0.0
196,J7,0,3,81,0.0
196,J8,0,2,84,0.0
197,J0,0,1,75,0.0
197,J1,0,8,82,0.0
197,J2,0,2,80,0.0
197,J3,0,2,89,0.0
197,J4,0,1,93,0.0
197,J5,0,2,95,0.0
197,J6,0,1,94,0.0
197,J7,0,3,81,0.0
197,J8,0,2,84,0.0
198,J0,0,1,75,0.0
198,J1,0,9,82,0.0
198,J2,0,2,80,0.0
198,J3,0,2,89,0.0
198,J4,0,0,None,0.0
198,J5,0,1,76,0.0
198,J6,0,0,None,0.0
198,J7,0,2,69,0.0
198,J8,0,2,84,0.0
199,J0,0,2,75,0.0
199,J1,0,8,82,0.0
199,J2,0,2,80,0.0
199,J3,0,1,74,0.0
199,J4,0,0,None,0.0
199,J5,0,2,76,0.0
199,J6,0,0,None,0.0
199,J7,0,2,69,0.0
199,J8,0,1,98,0.0
200,J0,0,2,75,0.0
200,J1,0,9,82,0.0
200,J2,0,2,80,0.0
200,J3,0,1,74,0.0
200,J4,0,0,None,0.0
200,J5,0,2,76,0.0
200,J6,0,0,None,0.0
200,J7,0,1,90,0.0
200,J8,0,1,98,0.0
201,J0,0,1,95,0.0
201,J1,0,9,82,0.0
201,J2,0,2,80,0.0
201,J3,0,0,None,0.0
201,J4,0,0,None,0.0
201,J5,0,3,76,0.0
201,J6,0,0,None,0.0
201,J7,0,1,90,0.0
201,J8,0,1,98,0.0
202,J0,0,0,None,0.0
202,J1,0,6,82,0.0
202,J2,0,0,None,0.0
202,J3,0,0,None,0.0
202,J4,0,1,92,0.0
202,J5,0,2,93,0.0
202,J6,0,0,None,0.0
202,J7,0,2,90,0.0
202,J8,0,1,98,0.0
203,J0,0,2,76,0.0
203,J1,0,6,82,0.0
203,J2,0,1,91,0.0
203,J3,0,0,None,0.0
203,J4,0,1,92,0.0
203,J5,0,2,93,0.0
203,J6,0,1,80,0.0
203,J7,0,1,75,0.0
203,J8,0,2,98,0.0
204,J0,0,2,76,0.0
204,J1,0,6,82,0.0
204,J2,0,1,91,0.0
204,J3,0,1,90,0.0
204,J4,0,1,92,0.0
204,J5,0,2,93,0.0
204,J6,0,1,80,0.0
204,J7,0,1,75,0.0
204,J8,0,3,98,0.0
205,J0,0,2,76,0.0
205,J1,0,5,82,0.0
205,J2,0,1,91,0.0
205,J3,0,1,90,0.0
205,J4,0,1,92,0.0
205,J5,0,2,93,0.0
205,J6,0,1,80,0.0
205,J7,0,2,75,0.0
205,J8,0,3,98,0.0
206,J0,0,1,96,0.0
206,J1,0,5,82,0.0
206,J2,0,1,91,0.0
206,J3,0,1,90,0.0
206,J4,0,0,None,0.0
206,J5,0,2,93,0.0
206,J6,0,1,80,0.0
206,J7,0,1,95,0.0
206,J8,0,2,74,0.0
207,J0,0,2,96,0.0
207,J1,0,4,77,0.0
207,J2,0,1,91,0.0
207,J3,0,2,90,0.0
207,J4,0,0,None,0.0
207,J5,0,2,93,0.0
207,J6,0,0,None,0.0
207,J7,0,1,95,0.0
207,J8,0,2,74,0.0
208,J0,0,2,96,0.0
208,J1,0,4,77,1.0
208,J2,0,1,91,0.0
208,J3,0,2,90,0.0
208,J4,0,0,None,0.0
208,J5,0,3,93,0.0
208,J6,0,0,None,0.0
208,J7,0,1,95,0.0
208,J8,0,2,74,0.0
209,J0,0,2,96,0.0
209,J1,0,3,88,3.0
209,J2,0,1,91,0.0
209,J3,0,2,90,0.0
209,J4,0,0,None,0.0
209,J5,0,2,92,0.0
209,J6,0,0,None,0.0
209,J7,0,1,95,0.0
209,J8,0,2,74,0.0
210,J0,0,3,96,0.0
210,J1,0,3,88,5.0
210,J2,0,1,89,0.0
210,J3,0,1,98,0.0
210,J4,0,0,None,0.0
210,J5,0,2,92,0.0
210,J6,0,0,None,0.0
210,J7,0,1,95,0.0
210,J8,0,2,74,0.0
211,J0,0,4,96,0.0
211,J1,0,4,88,7.0
211,J2,0,1,89,0.0
211,J3,0,1,98,0.0
211,J4,0,0,None,0.0
211,J5,0,2,92,0.0
211,J6,0,1,91,0.0
211,J7,0,1,95,0.0
211,J8,0,1,74,0.0
212,J0,0,4,96,0.0
212,J1,0,4,88,9.0
212,J2,0,1,89,0.0
212,J3,0,1,98,0.0
212,J4,0,0,None,0.0
212,J5,0,1,92,0.0
212,J6,0,1,91,0.0
212,J7,0,0,None,0.0
212,J8,0,1,74,0.0
213,J0,0,5,96,0.0
213,J1,0,3,90,11.0
213,J2,0,1,89,0.0
213,J3,0,1,98,0.0
213,J4,0,0,None,0.0
213,J5,0,1,92,0.0
213,J6,0,1,91,0.0
213,J7,0,0,None,0.0
213,J8,0,0,None,0.0
214,J0,0,4,77,0.0
214,J1,0,3,90,13.0
214,J2,0,2,89,0.0
214,J3,0,1,98,0.0
214,J4,0,0,None,0.0
214,J5,0,1,92,0.0
214,J6,0,1,91,0.0
214,J7,0,0,None,0.0
214,J8,0,0,None,0.0
215,J0,0,4,77,0.0
215,J1,0,2,None,15.0
215,J2,0,1,74,0.0
215,J3,0,2,98,0.0
215,J4,0,0,None,0.0
215,J5,0,0,None,0.0
215,J6,0,0,None,0.0
215,J7,0,1,96,0.0
215,J8,0,0,None,0.0
216,J0,0,3,77,0.0
216,J1,0,2,None,17.0
216,J2,0,1,74,0.0
216,J3,0,2,98,0.0
216,J4,0,1,90,0.0
216,J5,0,0,None,0.0
216,J6,0,0,None,0.0
216,J7,0,1,96,0.0
216,J8,0,0,None,0.0
217,J0,0,4,77,0.0
217,J1,0,2,None,19.0
217,J2,0,1,74,0.0
217,J3,0,1,88,0.0
217,J4,0,2,90,0.0
217,J5,0,0,None,0.0
217,J6,0,0,None,0.0
217,J7,0,2,96,0.0
217,J8,0,0,None,0.0
218,J0,0,4,77,0.0
218,J1,0,2,86,10.0
218,J2,0,1,74,0.0
218,J3,0,1,88,0.0
218,J4,0,2,90,0.0
218,J5,0,0,None,0.0
218,J6,0,0,None,0.0
218,J7,0,2,96,0.0
218,J8,0,0,None,0.0
219,J0,0,4,77,0.0
219,J1,0,2,98,0.0
219,J2,0,1,74,0.0
219,J3,0,1,87,0.0
219,J4,0,2,90,0.0
219,J5,0,0,None,0.0
219,J6,0,0,None,0.0
219,J7,0,2,96,0.0
219,J8,0,0,None,0.0
220,J0,0,4,77,0.0
220,J1,0,2,98,0.0
220,J2,0,1,74,0.0
220,J3,0,1,87,0.0
220,J4,0,1,91,0.0
220,J5,0,0,None,0.0
220,J6,0,0,None,0.0
220,J7,0,1,93,0.0
220,J8,0,0,None,0.0
221,J0,0,4,77,0.0
221,J1,0,2,98,0.0
221,J2,0,2,74,0.0
221,J3,0,2,87,0.0
221,J4,0,1,91,0.0
221,J5,0,1,90,0.0
221,J6,0,0,None,0.0
221,J7,0,1,93,0.0
221,J8,0,0,None,0.0
222,J0,0,4,77,0.0
222,J1,0,1,99,0.0
222,J2,0,1,86,0.0
222,J3,0,2,87,0.0
222,J4,0,0,None,0.0
222,J5,0,1,90,0.0
222,J6,0,0,None,0.0
222,J7,0,2,93,0.0
222,J8,0,0,None,0.0
223,J0,0,4,77,0.0
223,J1,0,1,99,0.0
223,J2,0,1,86,0.0
223,J3,0,2,87,0.0
223,J4,0,1,98,0.0
223,J5,0,1,90,0.0
223,J6,0,0,None,0.0
223,J7,0,2,93,0.0
223,J8,0,0,None,0.0
224,J0,0,2,77,0.0
224,J1,0,0,None,0.0
224,J2,0,1,86,0.0
224,J3,0,1,96,0.0
224,J4,0,1,98,0.0
224,J5,0,1,90,0.0
224,J6,0,0,None,0.0
224,J7,0,2,93,0.0
224,J8,0,0,None,0.0
225,J0,0,2,77,0.0
225,J1,0,0,None,0.0
225,J2,0,1,86,0.0
225,J3,0,1,96,0.0
225,J4,0,1,98,0.0
225,J5,0,1,90,0.0
225,J6,0,0,None,0.0
225,J7,0,2,93,0.0
225,J8,0,0,None,0.0
226,J0,0,2,77,0.0
226,J1,0,1,97,0.0
226,J2,0,1,86,0.0
226,J3,0,2,96,0.0
226,J4,0,0,None,0.0
226,J5,0,1,90,0.0
226,J6,0,0,None,0.0
226,J7,0,2,87,0.0
226,J8,0,0,None,0.0
227,J0,0,0,None,0.0
227,J1,0,1,97,0.0
227,J2,0,1,86,0.0
227,J3,0,2,96,0.0
227,J4,0,0,None,0.0
227,J5,0,0,None,0.0
227,J6,0,0,None,0.0
227,J7,0,1,87,0.0
227,J8,0,0,None,0.0
228,J0,0,0,None,0.0
228,J1,0,1,97,0.0
228,J2,0,1,86,0.0
228,J3,0,2,96,0.0
228,J4,0,0,None,0.0
228,J5,0,1,77,0.0
228,J6,0,1,98,0.0
228,J7,0,1,87,0.0
228,J8,0,0,None,0.0
229,J0,0,0,None,0.0
229,J1,0,2,97,0.0
229,J2,0,1,86,0.0
229,J3,0,1,96,0.0
229,J4,0,0,None,0.0
229,J5,0,1,77,0.0
229,J6,0,1,98,0.0
229,J7,0,1,87,0.0
229,J8,0,0,None,0.0
230,J0,0,0,None,0.0
230,J1,0,2,97,0.0
230,J2,0,1,86,0.0
230,J3,0,0,None,0.0
230,J4,0,0,None,0.0
230,J5,0,1,77,0.0
230,J6,0,1,98,0.0
230,J7,0,1,87,0.0
230,J8,0,0,None,0.0
231,J0,0,0,None,0.0
231,J1,0,2,97,0.0
231,J2,0,1,86,0.0
231,J3,0,0,None,0.0
231,J4,0,0,None,0.0
231,J5,0,0,None,0.0
231,J6,0,1,98,0.0
231,J7,0,0,None,0.0
231,J8,0,0,None,0.0
232,J0,0,0,None,0.0
232,J1,0,1,92,0.0
232,J2,0,0,None,0.0
232,J3,0,0,None,0.0
232,J4,0,0,None,0.0
232,J5,0,0,None,0.0
232,J6,0,0,None,0.0
232,J7,0,0,None,0.0
232,J8,0,1,96,0.0
233,J0,0,0,None,0.0
233,J1,0,1,92,0.0
233,J2,0,0,None,0.0
233,J3,0,0,None,0.0
233,J4,0,1,77,0.0
233,J5,0,0,None,0.0
233,J6,0,1,86,0.0
233,J7,0,0,None,0.0
233,J8,0,1,96,0.0
234,J0,0,0,None,0.0
234,J1,0,1,92,0.0
234,J2,0,0,None,0.0
234,J3,0,1,97,0.0
234,J4,0,1,77,0.0
234,J5,0,0,None,0.0
234,J6,0,1,86,0.0
234,J7,0,0,None,0.0
234,J8,0,1,96,0.0
235,J0,0,0,None,0.0
235,J1,0,1,92,0.0
235,J2,0,0,None,0.0
235,J3,0,1,97,0.0
235,J4,0,1,77,0.0
235,J5,0,0,None,0.0
235,J6,0,1,86,0.0
235,J7,0,0,None,0.0
235,J8,0,1,96,0.0
236,J0,0,0,None,0.0
236,J1,0,1,92,0.0
236,J2,0,0,None,0.0
236,J3,0,1,97,0.0
236,J4,0,1,77,0.0
236,J5,0,0,None,0.0
236,J6,0,1,86,0.0
236,J7,0,0,None,0.0
236,J8,0,1,96,0.0
237,J0,0,0,None,0.0
237,J1,0,1,92,0.0
237,J2,0,0,None,0.0
237,J3,0,1,97,0.0
237,J4,0,1,77,0.0
237,J5,0,0,None,0.0
237,J6,0,0,None,0.0
237,J7,0,0,None,0.0
237,J8,0,0,None,0.0
238,J0,0,0,None,0.0
238,J1,0,1,92,0.0
238,J2,0,1,96,0.0
238,J3,0,0,None,0.0
238,J4,0,2,77,0.0
238,J5,0,0,None,0.0
238,J6,0,0,None,0.0
238,J7,0,0,None,0.0
238,J8,0,0,None,0.0
239,J0,0,0,None,0.0
239,J1,0,0,None,0.0
239,J2,0,1,96,0.0
239,J3,0,0,None,0.0
239,J4,0,1,86,0.0
239,J5,0,0,None,0.0
239,J6,0,0,None,0.0
239,J7,0,0,None,0.0
239,J8,0,0,None,0.0
240,J0,0,0,None,0.0
240,J1,0,0,None,0.0
240,J2,0,1,96,0.0
240,J3,0,0,None,0.0
240,J4,0,1,86,0.0
240,J5,0,0,None,0.0
240,J6,0,0,None,0.0
240,J7,0,0,None,0.0
240,J8,0,0,None,0.0
241,J0,0,0,None,0.0
241,J1,0,0,None,0.0
241,J2,0,1,96,0.0
241,J3,0,0,None,0.0
241,J4,0,1,86,0.0
241,J5,0,0,None,0.0
241,J6,0,0,None,0.0
241,J7,0,0,None,0.0
241,J8,0,0,None,0.0
242,J0,0,0,None,0.0
242,J1,0,0,None,0.0
242,J2,0,0,None,0.0
242,J3,0,0,None,0.0
242,J4,0,1,86,0.0
242,J5,0,0,None,0.0
242,J6,0,0,None,0.0
242,J7,0,0,None,0.0
242,J8,0,0,None,0.0
243,J0,0,0,None,0.0
243,J1,0,0,None,0.0
243,J2,0,0,None,0.0
243,J3,0,0,None,0.0
243,J4,0,0,None,0.0
243,J5,0,0,None,0.0
243,J6,0,0,None,0.0
243,J7,0,0,None,0.0
243,J8,0,0,None,0.0
