step,tlsID,ns_vehicle,ew_vehicle,phase,waiting_time
0,J0,0,0,0,0.0
0,J1,0,0,0,0.0
0,J2,0,0,0,0.0
0,J3,0,0,0,0.0
0,J4,0,1,0,0.0
0,J5,0,0,0,0.0
0,J6,0,0,0,0.0
0,J7,0,0,0,0.0
0,J8,0,0,0,0.0
1,J0,0,0,0,0.0
1,J1,0,0,0,0.0
1,J2,0,0,0,0.0
1,J3,0,0,0,0.0
1,J4,0,1,0,0.0
1,J5,0,0,0,0.0
1,J6,0,0,0,0.0
1,J7,0,0,0,0.0
1,J8,0,0,0,0.0
2,J0,0,1,0,0.0
2,J1,0,0,0,0.0
2,J2,0,0,0,0.0
2,J3,0,0,0,0.0
2,J4,0,1,0,0.0
2,J5,0,0,0,0.0
2,J6,0,0,0,0.0
2,J7,0,0,0,0.0
2,J8,0,0,0,0.0
3,J0,0,1,0,0.0
3,J1,0,0,0,0.0
3,J2,0,0,0,0.0
3,J3,0,0,0,0.0
3,J4,0,1,0,0.0
3,J5,0,0,0,0.0
3,J6,0,0,0,0.0
3,J7,0,0,0,0.0
3,J8,0,0,0,0.0
4,J0,0,1,0,0.0
4,J1,0,0,0,0.0
4,J2,0,0,0,0.0
4,J3,0,1,0,0.0
4,J4,0,1,0,0.0
4,J5,0,0,0,0.0
4,J6,0,0,0,0.0
4,J7,0,0,0,0.0
4,J8,0,0,0,0.0
5,J0,0,1,0,0.0
5,J1,0,0,0,0.0
5,J2,0,0,0,0.0
5,J3,0,1,0,0.0
5,J4,0,1,0,0.0
5,J5,0,0,0,0.0
5,J6,0,0,0,0.0
5,J7,0,0,0,0.0
5,J8,0,0,0,0.0
6,J0,0,1,0,0.0
6,J1,0,0,0,0.0
6,J2,0,0,0,0.0
6,J3,0,1,0,0.0
6,J4,0,2,0,0.0
6,J5,0,0,0,0.0
6,J6,0,0,0,0.0
6,J7,0,0,0,0.0
6,J8,0,0,0,0.0
7,J0,0,1,0,0.0
7,J1,0,0,0,0.0
7,J2,0,0,0,0.0
7,J3,0,1,0,0.0
7,J4,0,2,0,0.0
7,J5,0,0,0,0.0
7,J6,0,0,0,0.0
7,J7,0,0,0,0.0
7,J8,0,0,0,0.0
8,J0,0,1,0,0.0
8,J1,0,0,0,0.0
8,J2,0,0,0,0.0
8,J3,0,2,0,0.0
8,J4,0,1,0,0.0
8,J5,0,0,0,0.0
8,J6,0,0,0,0.0
8,J7,0,0,0,0.0
8,J8,0,0,0,0.0
9,J0,0,1,0,0.0
9,J1,0,1,0,0.0
9,J2,0,0,0,0.0
9,J3,0,2,0,0.0
9,J4,0,1,0,0.0
9,J5,0,0,0,0.0
9,J6,0,0,0,0.0
9,J7,0,0,0,0.0
9,J8,0,0,0,0.0
10,J0,0,1,0,1.0
10,J1,0,1,0,0.0
10,J2,0,0,0,0.0
10,J3,0,2,0,0.0
10,J4,0,1,0,0.0
10,J5,0,0,0,0.0
10,J6,0,0,0,0.0
10,J7,0,0,0,0.0
10,J8,0,1,0,0.0
11,J0,0,1,0,2.0
11,J1,0,1,0,0.0
11,J2,0,0,0,0.0
11,J3,0,2,0,0.0
11,J4,0,1,0,1.0
11,J5,0,0,0,0.0
11,J6,0,0,0,0.0
11,J7,0,0,0,0.0
11,J8,0,1,0,0.0
12,J0,0,1,0,3.0
12,J1,0,0,0,0.0
12,J2,0,0,0,0.0
12,J3,0,1,0,0.0
12,J4,0,1,0,2.0
12,J5,0,0,0,0.0
12,J6,0,0,0,0.0
12,J7,0,0,0,0.0
12,J8,0,2,0,0.0
13,J0,0,1,0,4.0
13,J1,0,1,0,0.0
13,J2,0,0,0,0.0
13,J3,0,1,0,0.0
13,J4,0,1,0,3.0
13,J5,0,0,0,0.0
13,J6,0,0,0,0.0
13,J7,0,0,0,0.0
13,J8,0,2,0,0.0
14,J0,0,2,0,5.0
14,J1,0,1,0,0.0
14,J2,0,0,0,0.0
14,J3,0,2,0,0.0
14,J4,0,1,0,4.0
14,J5,0,0,0,0.0
14,J6,0,0,0,0.0
14,J7,0,0,0,0.0
14,J8,0,2,0,0.0
15,J0,0,2,0,6.0
15,J1,0,1,0,0.0
15,J2,0,0,0,0.0
15,J3,0,2,0,0.0
15,J4,0,1,0,5.0
15,J5,0,0,0,0.0
15,J6,0,0,0,0.0
15,J7,0,0,0,0.0
15,J8,0,2,0,0.0
16,J0,0,2,0,7.0
16,J1,0,1,0,0.0
16,J2,0,0,0,0.0
16,J3,0,2,0,1.0
16,J4,0,1,0,6.0
16,J5,0,0,0,0.0
16,J6,0,0,0,0.0
16,J7,0,0,0,0.0
16,J8,0,3,0,0.0
17,J0,0,2,0,8.0
17,J1,0,0,0,0.0
17,J2,0,0,0,0.0
17,J3,0,2,0,2.0
17,J4,0,1,0,7.0
17,J5,0,0,0,0.0
17,J6,0,0,0,0.0
17,J7,0,0,0,0.0
17,J8,0,3,0,0.0
18,J0,0,2,0,9.0
18,J1,0,1,0,0.0
18,J2,0,0,0,0.0
18,J3,0,2,0,4.0
18,J4,0,2,0,8.0
18,J5,0,0,0,0.0
18,J6,0,0,0,0.0
18,J7,0,0,0,0.0
18,J8,0,2,0,0.0
19,J0,0,2,0,10.0
19,J1,0,1,0,0.0
19,J2,0,0,0,0.0
19,J3,0,3,0,6.0
19,J4,0,2,0,9.0
19,J5,0,0,0,0.0
19,J6,0,0,0,0.0
19,J7,0,0,0,0.0
19,J8,0,1,0,0.0
20,J0,0,1,0,11.0
20,J1,0,1,0,0.0
20,J2,0,0,0,0.0
20,J3,0,3,0,8.0
20,J4,0,3,0,10.0
20,J5,0,0,0,0.0
20,J6,0,0,0,0.0
20,J7,0,0,0,0.0
20,J8,0,1,0,0.0
21,J0,0,1,0,12.0
21,J1,0,1,0,0.0
21,J2,0,1,0,0.0
21,J3,0,3,0,10.0
21,J4,0,2,0,11.0
21,J5,0,1,0,0.0
21,J6,0,0,0,0.0
21,J7,0,0,0,0.0
21,J8,0,1,0,0.0
22,J0,0,1,0,13.0
22,J1,0,1,0,0.0
22,J2,0,2,0,0.0
22,J3,0,3,0,12.0
22,J4,0,2,0,12.0
22,J5,0,1,0,0.0
22,J6,0,0,0,0.0
22,J7,0,0,0,0.0
22,J8,0,0,0,0.0
23,J0,0,1,0,14.0
23,J1,0,1,0,0.0
23,J2,0,2,0,0.0
23,J3,0,3,0,14.0
23,J4,0,2,0,13.0
23,J5,0,1,0,0.0
23,J6,0,0,0,0.0
23,J7,0,0,0,0.0
23,J8,0,0,0,0.0
24,J0,0,1,0,15.0
24,J1,0,1,0,0.0
24,J2,0,3,0,0.0
24,J3,0,2,0,16.0
24,J4,0,2,0,15.0
24,J5,0,1,0,0.0
24,J6,0,0,0,0.0
24,J7,0,0,0,0.0
24,J8,0,0,0,0.0
25,J0,0,1,0,16.0
25,J1,0,1,0,0.0
25,J2,0,2,0,0.0
25,J3,0,2,0,18.0
25,J4,0,2,0,17.0
25,J5,0,1,0,0.0
25,J6,0,0,0,0.0
25,J7,0,1,0,0.0
25,J8,0,0,0,0.0
26,J0,0,1,0,17.0
26,J1,0,1,0,0.0
26,J2,0,2,0,0.0
26,J3,0,2,0,20.0
26,J4,0,2,0,19.0
26,J5,0,1,0,0.0
26,J6,0,0,0,0.0
26,J7,0,1,0,0.0
26,J8,0,0,0,0.0
27,J0,0,1,0,18.0
27,J1,0,1,0,0.0
27,J2,0,2,0,0.0
27,J3,0,2,0,22.0
27,J4,0,2,0,21.0
27,J5,0,1,0,1.0
27,J6,0,1,0,0.0
27,J7,0,1,0,0.0
27,J8,0,0,0,0.0
28,J0,0,1,0,19.0
28,J1,0,1,0,0.0
28,J2,0,1,0,0.0
28,J3,0,2,0,24.0
28,J4,0,2,0,23.0
28,J5,0,1,0,2.0
28,J6,0,2,0,0.0
28,J7,0,1,0,0.0
28,J8,0,0,0,0.0
29,J0,0,1,0,20.0
29,J1,0,1,0,0.0
29,J2,0,1,0,0.0
29,J3,0,2,0,26.0
29,J4,0,2,0,25.0
29,J5,0,1,0,3.0
29,J6,0,2,0,0.0
29,J7,0,1,0,0.0
29,J8,0,0,0,0.0
30,J0,0,1,0,21.0
30,J1,0,2,0,0.0
30,J2,0,1,0,0.0
30,J3,0,2,0,28.0
30,J4,0,2,0,27.0
30,J5,0,2,0,4.0
30,J6,0,2,0,0.0
30,J7,0,1,0,0.0
30,J8,0,0,0,0.0
31,J0,0,1,0,22.0
31,J1,0,2,0,0.0
31,J2,0,1,0,1.0
31,J3,0,2,0,30.0
31,J4,0,2,0,29.0
31,J5,0,2,0,5.0
31,J6,0,2,0,0.0
31,J7,0,1,0,0.0
31,J8,0,0,0,0.0
32,J0,0,1,0,23.0
32,J1,0,2,0,0.0
32,J2,0,1,0,2.0
32,J3,0,2,0,32.0
32,J4,0,2,0,31.0
32,J5,0,2,0,6.0
32,J6,0,2,0,0.0
32,J7,0,2,0,0.0
32,J8,0,0,0,0.0
33,J0,0,1,0,24.0
33,J1,0,2,0,0.0
33,J2,0,1,0,3.0
33,J3,0,2,0,34.0
33,J4,0,2,0,33.0
33,J5,0,2,0,7.0
33,J6,0,2,0,1.0
33,J7,0,2,0,1.0
33,J8,0,0,0,0.0
34,J0,0,1,0,25.0
34,J1,0,2,0,0.0
34,J2,0,1,0,4.0
34,J3,0,3,0,36.0
34,J4,0,2,0,35.0
34,J5,0,2,0,8.0
34,J6,0,2,0,3.0
34,J7,0,2,0,2.0
34,J8,0,0,0,0.0
35,J0,0,1,0,26.0
35,J1,0,2,0,0.0
35,J2,0,1,0,5.0
35,J3,0,3,0,38.0
35,J4,0,2,0,37.0
35,J5,0,2,0,9.0
35,J6,0,2,0,5.0
35,J7,0,2,0,3.0
35,J8,0,0,0,0.0
36,J0,0,1,0,27.0
36,J1,0,2,0,0.0
36,J2,0,1,0,6.0
36,J3,0,3,0,40.0
36,J4,0,3,0,39.0
36,J5,0,2,0,10.0
36,J6,0,2,0,7.0
36,J7,0,2,0,4.0
36,J8,0,0,0,0.0
37,J0,0,1,0,28.0
37,J1,0,2,0,0.0
37,J2,0,1,0,7.0
37,J3,0,3,0,42.0
37,J4,0,3,0,41.0
37,J5,0,2,0,12.0
37,J6,0,2,0,9.0
37,J7,0,1,0,5.0
37,J8,0,0,0,0.0
38,J0,0,2,0,29.0
38,J1,0,3,0,2.0
38,J2,0,1,0,8.0
38,J3,0,3,0,44.0
38,J4,0,3,0,43.0
38,J5,0,2,0,14.0
38,J6,0,2,0,11.0
38,J7,0,1,0,6.0
38,J8,0,0,0,0.0
39,J0,0,2,0,30.0
39,J1,0,3,0,4.0
39,J2,0,1,0,9.0
39,J3,0,3,0,46.0
39,J4,0,3,0,45.0
39,J5,0,2,0,16.0
39,J6,0,2,0,13.0
39,J7,0,1,0,7.0
39,J8,0,0,0,0.0
40,J0,0,3,0,31.0
40,J1,0,3,0,6.0
40,J2,0,1,0,10.0
40,J3,0,3,0,48.0
40,J4,0,3,0,47.0
40,J5,0,2,0,18.0
40,J6,0,2,0,15.0
40,J7,0,1,0,8.0
40,J8,0,0,0,0.0
41,J0,0,3,0,32.0
41,J1,0,3,0,8.0
41,J2,0,1,0,11.0
41,J3,0,3,0,50.0
41,J4,0,3,0,49.0
41,J5,0,2,0,20.0
41,J6,0,2,0,17.0
41,J7,0,1,0,9.0
41,J8,0,0,0,0.0
42,J0,0,2,1,33.0
42,J1,0,3,1,10.0
42,J2,0,1,1,12.0
42,J3,0,2,1,52.0
42,J4,0,3,1,51.0
42,J5,0,2,1,22.0
42,J6,0,3,1,19.0
42,J7,0,1,1,10.0
42,J8,0,0,1,0.0
43,J0,0,2,1,34.0
43,J1,0,4,1,12.0
43,J2,0,1,1,13.0
43,J3,0,2,1,54.0
43,J4,0,2,1,53.0
43,J5,0,3,1,24.0
43,J6,0,3,1,21.0
43,J7,0,1,1,11.0
43,J8,0,0,1,0.0
44,J0,0,2,1,35.0
44,J1,0,4,1,14.0
44,J2,0,1,1,14.0
44,J3,0,2,1,56.0
44,J4,0,2,1,55.0
44,J5,0,3,1,26.0
44,J6,0,3,1,23.0
44,J7,0,1,1,12.0
44,J8,0,0,1,0.0
45,J0,0,1,2,0.0
45,J1,0,2,2,0.0
45,J2,0,0,2,0.0
45,J3,0,0,2,0.0
45,J4,0,1,2,22.0
45,J5,0,1,2,0.0
45,J6,0,2,2,12.0
45,J7,0,0,2,0.0
45,J8,0,0,2,0.0
46,J0,0,1,2,0.0
46,J1,0,2,2,1.0
46,J2,0,0,2,0.0
46,J3,0,0,2,0.0
46,J4,0,1,2,0.0
46,J5,0,2,2,0.0
46,J6,0,2,2,0.0
46,J7,0,0,2,0.0
46,J8,0,0,2,0.0
47,J0,0,1,2,0.0
47,J1,0,2,2,2.0
47,J2,0,0,2,0.0
47,J3,0,1,2,0.0
47,J4,0,3,2,0.0
47,J5,0,2,2,0.0
47,J6,0,1,2,0.0
47,J7,0,0,2,0.0
47,J8,0,1,2,0.0
48,J0,0,3,2,0.0
48,J1,0,4,2,3.0
48,J2,0,2,2,0.0
48,J3,0,1,2,0.0
48,J4,0,2,2,0.0
48,J5,0,2,2,1.0
48,J6,0,0,2,0.0
48,J7,0,1,2,0.0
48,J8,0,1,2,0.0
49,J0,0,3,2,0.0
49,J1,0,4,2,4.0
49,J2,0,2,2,0.0
49,J3,0,1,2,0.0
49,J4,0,2,2,0.0
49,J5,0,2,2,2.0
49,J6,0,0,2,0.0
49,J7,0,2,2,0.0
49,J8,0,2,2,0.0
50,J0,0,3,2,0.0
50,J1,0,4,2,6.0
50,J2,0,2,2,0.0
50,J3,0,2,2,0.0
50,J4,0,3,2,0.0
50,J5,0,2,2,0.0
50,J6,0,1,2,0.0
50,J7,0,2,2,0.0
50,J8,0,2,2,0.0
51,J0,0,3,2,0.0
51,J1,0,3,2,8.0
51,J2,0,1,2,0.0
51,J3,0,1,2,0.0
51,J4,0,3,2,0.0
51,J5,0,1,2,0.0
51,J6,0,1,2,0.0
51,J7,0,2,2,0.0
51,J8,0,2,2,0.0
52,J0,0,3,2,0.0
52,J1,0,3,2,10.0
52,J2,0,1,2,0.0
52,J3,0,1,2,0.0
52,J4,0,3,2,0.0
52,J5,0,1,2,0.0
52,J6,0,1,2,0.0
52,J7,0,2,2,0.0
52,J8,0,2,2,0.0
53,J0,0,2,2,0.0
53,J1,0,3,2,12.0
53,J2,0,0,2,0.0
53,J3,0,1,2,0.0
53,J4,0,3,2,0.0
53,J5,0,1,2,0.0
53,J6,0,1,2,0.0
53,J7,0,1,2,0.0
53,J8,0,2,2,0.0
54,J0,0,2,2,2.0
54,J1,0,4,2,14.0
54,J2,0,0,2,0.0
54,J3,0,1,2,0.0
54,J4,0,3,2,0.0
54,J5,0,1,2,0.0
54,J6,0,1,2,0.0
54,J7,0,1,2,0.0
54,J8,0,2,2,0.0
55,J0,0,2,2,4.0
55,J1,0,4,2,16.0
55,J2,0,1,2,0.0
55,J3,0,1,2,0.0
55,J4,0,3,2,1.0
55,J5,0,1,2,0.0
55,J6,0,1,2,0.0
55,J7,0,1,2,0.0
55,J8,0,3,2,0.0
56,J0,0,2,2,6.0
56,J1,0,4,2,18.0
56,J2,0,1,2,0.0
56,J3,0,1,2,0.0
56,J4,0,3,2,2.0
56,J5,0,2,2,1.0
56,J6,0,1,2,0.0
56,J7,0,2,2,0.0
56,J8,0,4,2,0.0
57,J0,0,2,2,8.0
57,J1,0,4,2,20.0
57,J2,0,1,2,0.0
57,J3,0,1,2,0.0
57,J4,0,3,2,3.0
57,J5,0,2,2,2.0
57,J6,0,1,2,1.0
57,J7,0,2,2,1.0
57,J8,0,3,2,1.0
58,J0,0,2,2,10.0
58,J1,0,4,2,22.0
58,J2,0,1,2,0.0
58,J3,0,2,2,0.0
58,J4,0,3,2,4.0
58,J5,0,2,2,3.0
58,J6,0,1,2,2.0
58,J7,0,2,2,2.0
58,J8,0,2,2,2.0
59,J0,0,2,2,12.0
59,J1,0,4,2,24.0
59,J2,0,1,2,0.0
59,J3,0,3,2,0.0
59,J4,0,3,2,5.0
59,J5,0,2,2,4.0
59,J6,0,1,2,3.0
59,J7,0,2,2,3.0
59,J8,0,2,2,3.0
60,J0,0,2,2,14.0
60,J1,0,4,2,27.0
60,J2,0,0,2,0.0
60,J3,0,4,2,1.0
60,J4,0,3,2,6.0
60,J5,0,2,2,5.0
60,J6,0,1,2,4.0
60,J7,0,2,2,4.0
60,J8,0,2,2,4.0
61,J0,0,2,2,16.0
61,J1,0,4,2,31.0
61,J2,0,0,2,0.0
61,J3,0,4,2,2.0
61,J4,0,3,2,8.0
61,J5,0,2,2,6.0
61,J6,0,2,2,5.0
61,J7,0,2,2,6.0
61,J8,0,2,2,5.0
62,J0,0,2,2,18.0
62,J1,0,4,2,35.0
62,J2,0,0,2,0.0
62,J3,0,4,2,3.0
62,J4,0,3,2,10.0
62,J5,0,3,2,7.0
62,J6,0,2,2,6.0
62,J7,0,2,2,8.0
62,J8,0,2,2,6.0
63,J0,0,2,2,20.0
63,J1,0,4,2,39.0
63,J2,0,0,2,0.0
63,J3,0,4,2,4.0
63,J4,0,3,2,13.0
63,J5,0,3,2,8.0
63,J6,0,2,2,7.0
63,J7,0,2,2,10.0
63,J8,0,2,2,7.0
64,J0,0,2,2,22.0
64,J1,0,4,2,43.0
64,J2,0,0,2,0.0
64,J3,0,4,2,5.0
64,J4,0,3,2,16.0
64,J5,0,3,2,9.0
64,J6,0,2,2,8.0
64,J7,0,2,2,12.0
64,J8,0,3,2,9.0
65,J0,0,2,2,24.0
65,J1,0,4,2,47.0
65,J2,0,0,2,0.0
65,J3,0,2,2,6.0
65,J4,0,3,2,19.0
65,J5,0,3,2,11.0
65,J6,0,1,2,9.0
65,J7,0,2,2,14.0
65,J8,0,3,2,11.0
66,J0,0,2,2,26.0
66,J1,0,4,2,51.0
66,J2,0,0,2,0.0
66,J3,0,2,2,7.0
66,J4,0,3,2,22.0
66,J5,0,4,2,13.0
66,J6,0,1,2,10.0
66,J7,0,2,2,16.0
66,J8,0,3,2,13.0
67,J0,0,2,2,28.0
67,J1,0,5,2,55.0
67,J2,0,0,2,0.0
67,J3,0,2,2,9.0
67,J4,0,3,2,25.0
67,J5,0,4,2,15.0
67,J6,0,1,2,11.0
67,J7,0,2,2,18.0
67,J8,0,3,2,15.0
68,J0,0,2,2,30.0
68,J1,0,5,2,59.0
68,J2,0,0,2,0.0
68,J3,0,2,2,11.0
68,J4,0,3,2,28.0
68,J5,0,4,2,18.0
68,J6,0,2,2,12.0
68,J7,0,2,2,20.0
68,J8,0,3,2,17.0
69,J0,0,2,2,32.0
69,J1,0,5,2,63.0
69,J2,0,0,2,0.0
69,J3,0,2,2,13.0
69,J4,0,3,2,31.0
69,J5,0,4,2,21.0
69,J6,0,2,2,13.0
69,J7,0,2,2,22.0
69,J8,0,3,2,19.0
70,J0,0,2,2,34.0
70,J1,0,6,2,67.0
70,J2,0,0,2,0.0
70,J3,0,2,2,15.0
70,J4,0,3,2,34.0
70,J5,0,4,2,24.0
70,J6,0,2,2,14.0
70,J7,0,2,2,24.0
70,J8,0,3,2,21.0
71,J0,0,2,2,36.0
71,J1,0,6,2,72.0
71,J2,0,0,2,0.0
71,J3,0,2,2,17.0
71,J4,0,3,2,37.0
71,J5,0,3,2,27.0
71,J6,0,2,2,15.0
71,J7,0,2,2,26.0
71,J8,0,3,2,23.0
72,J0,0,2,2,38.0
72,J1,0,6,2,77.0
72,J2,0,0,2,0.0
72,J3,0,2,2,19.0
72,J4,0,3,2,40.0
72,J5,0,3,2,30.0
72,J6,0,2,2,16.0
72,J7,0,3,2,28.0
72,J8,0,3,2,25.0
73,J0,0,2,2,40.0
73,J1,0,6,2,82.0
73,J2,0,0,2,0.0
73,J3,0,2,2,21.0
73,J4,0,4,2,43.0
73,J5,0,3,2,33.0
73,J6,0,2,2,17.0
73,J7,0,3,2,30.0
73,J8,0,3,2,27.0
74,J0,0,3,2,42.0
74,J1,0,6,2,87.0
74,J2,0,0,2,0.0
74,J3,0,2,2,23.0
74,J4,0,4,2,46.0
74,J5,0,3,2,36.0
74,J6,0,2,2,18.0
74,J7,0,3,2,32.0
74,J8,0,3,2,29.0
75,J0,0,3,2,44.0
75,J1,0,6,2,93.0
75,J2,0,0,2,0.0
75,J3,0,2,2,25.0
75,J4,0,4,2,49.0
75,J5,0,3,2,39.0
75,J6,0,2,2,19.0
75,J7,0,3,2,34.0
75,J8,0,3,2,32.0
76,J0,0,3,2,46.0
76,J1,0,6,2,99.0
76,J2,0,0,2,0.0
76,J3,0,2,2,27.0
76,J4,0,5,2,52.0
76,J5,0,3,2,42.0
76,J6,0,2,2,20.0
76,J7,0,3,2,36.0
76,J8,0,3,2,35.0
77,J0,0,3,2,48.0
77,J1,0,6,2,105.0
77,J2,0,0,2,0.0
77,J3,0,2,2,29.0
77,J4,0,5,2,55.0
77,J5,0,3,2,45.0
77,J6,0,2,2,21.0
77,J7,0,3,2,38.0
77,J8,0,3,2,38.0
78,J0,0,3,2,50.0
78,J1,0,6,2,111.0
78,J2,0,0,2,0.0
78,J3,0,2,2,31.0
78,J4,0,5,2,58.0
78,J5,0,3,2,48.0
78,J6,0,2,2,23.0
78,J7,0,3,2,40.0
78,J8,0,4,2,41.0
79,J0,0,3,2,52.0
79,J1,0,6,2,117.0
79,J2,0,0,2,0.0
79,J3,0,2,2,33.0
79,J4,0,5,2,62.0
79,J5,0,3,2,51.0
79,J6,0,2,2,25.0
79,J7,0,3,2,43.0
79,J8,0,4,2,44.0
80,J0,0,3,2,54.0
80,J1,0,7,2,123.0
80,J2,0,0,2,0.0
80,J3,0,2,2,35.0
80,J4,0,5,2,66.0
80,J5,0,3,2,54.0
80,J6,0,2,2,27.0
80,J7,0,3,2,46.0
80,J8,0,4,2,47.0
81,J0,0,3,2,57.0
81,J1,0,7,2,129.0
81,J2,0,0,2,0.0
81,J3,0,2,2,37.0
81,J4,0,5,2,70.0
81,J5,0,3,2,57.0
81,J6,0,2,2,29.0
81,J7,0,3,2,49.0
81,J8,0,4,2,50.0
82,J0,0,3,2,60.0
82,J1,0,7,2,135.0
82,J2,0,0,2,0.0
82,J3,0,2,2,39.0
82,J4,0,4,2,74.0
82,J5,0,3,2,60.0
82,J6,0,3,2,31.0
82,J7,0,3,2,52.0
82,J8,0,4,2,53.0
83,J0,0,3,2,63.0
83,J1,0,7,2,141.0
83,J2,0,0,2,0.0
83,J3,0,2,2,41.0
83,J4,0,4,2,78.0
83,J5,0,3,2,63.0
83,J6,0,3,2,33.0
83,J7,0,3,2,55.0
83,J8,0,3,2,56.0
84,J0,0,3,2,66.0
84,J1,0,7,2,147.0
84,J2,0,0,2,0.0
84,J3,0,3,2,43.0
84,J4,0,4,2,82.0
84,J5,0,4,2,66.0
84,J6,0,3,2,35.0
84,J7,0,3,2,58.0
84,J8,0,3,2,59.0
85,J0,0,3,2,69.0
85,J1,0,7,2,153.0
85,J2,0,0,2,0.0
85,J3,0,3,2,45.0
85,J4,0,4,2,86.0
85,J5,0,4,2,69.0
85,J6,0,4,2,37.0
85,J7,0,3,2,61.0
85,J8,0,3,2,62.0
86,J0,0,3,2,72.0
86,J1,0,8,2,159.0
86,J2,0,0,2,0.0
86,J3,0,3,2,47.0
86,J4,0,4,2,90.0
86,J5,0,4,2,72.0
86,J6,0,4,2,39.0
86,J7,0,3,2,64.0
86,J8,0,3,2,65.0
87,J0,0,3,3,75.0
87,J1,0,8,3,165.0
87,J2,0,0,3,0.0
87,J3,0,3,3,49.0
87,J4,0,4,3,94.0
87,J5,0,4,3,75.0
87,J6,0,4,3,41.0
87,J7,0,3,3,67.0
87,J8,0,3,3,68.0
88,J0,0,3,3,78.0
88,J1,0,8,3,171.0
88,J2,0,0,3,0.0
88,J3,0,3,3,51.0
88,J4,0,4,3,98.0
88,J5,0,4,3,78.0
88,J6,0,5,3,43.0
88,J7,0,3,3,70.0
88,J8,0,3,3,71.0
89,J0,0,3,3,81.0
89,J1,0,8,3,178.0
89,J2,0,0,3,0.0
89,J3,0,3,3,53.0
89,J4,0,4,3,102.0
89,J5,0,4,3,81.0
89,J6,0,5,3,45.0
89,J7,0,3,3,73.0
89,J8,0,3,3,74.0
90,J0,0,1,0,10.0
90,J1,0,6,0,109.0
90,J2,0,0,0,0.0
90,J3,0,2,0,24.0
90,J4,0,3,0,40.0
90,J5,0,2,0,26.0
90,J6,0,4,0,14.0
90,J7,0,1,0,30.0
90,J8,0,1,0,16.0
91,J0,0,1,0,0.0
91,J1,0,6,2,72.0
91,J2,0,0,0,0.0
91,J3,0,1,0,0.0
91,J4,0,3,0,13.0
91,J5,0,2,0,0.0
91,J6,0,4,0,2.0
91,J7,0,1,0,0.0
91,J8,0,1,0,0.0
92,J0,0,2,0,0.0
92,J1,0,7,2,40.0
92,J2,0,1,0,0.0
92,J3,0,2,0,0.0
92,J4,0,3,0,0.0
92,J5,0,2,0,0.0
92,J6,0,4,0,1.0
92,J7,0,2,0,0.0
92,J8,0,1,0,0.0
93,J0,0,2,0,0.0
93,J1,0,7,2,19.0
93,J2,0,2,0,0.0
93,J3,0,3,0,0.0
93,J4,0,3,0,0.0
93,J5,0,3,0,0.0
93,J6,0,4,0,0.0
93,J7,0,1,0,0.0
93,J8,0,1,0,0.0
94,J0,0,2,0,0.0
94,J1,0,7,2,1.0
94,J2,0,2,0,0.0
94,J3,0,3,0,0.0
94,J4,0,3,0,0.0
94,J5,0,3,0,0.0
94,J6,0,4,0,1.0
94,J7,0,1,0,0.0
94,J8,0,1,0,0.0
95,J0,0,4,0,0.0
95,J1,0,7,2,2.0
95,J2,0,3,0,0.0
95,J3,0,3,0,0.0
95,J4,0,2,0,0.0
95,J5,0,4,0,0.0
95,J6,0,5,0,2.0
95,J7,0,1,0,0.0
95,J8,0,1,0,0.0
96,J0,0,3,0,0.0
96,J1,0,7,2,4.0
96,J2,0,2,0,0.0
96,J3,0,3,0,0.0
96,J4,0,2,0,0.0
96,J5,0,2,0,0.0
96,J6,0,4,0,3.0
96,J7,0,1,0,0.0
96,J8,0,2,0,0.0
97,J0,0,3,0,0.0
97,J1,0,7,2,6.0
97,J2,0,2,0,0.0
97,J3,0,4,0,0.0
97,J4,0,2,0,0.0
97,J5,0,2,0,0.0
97,J6,0,5,0,4.0
97,J7,0,1,0,0.0
97,J8,0,2,0,0.0
98,J0,0,1,0,0.0
98,J1,0,8,2,8.0
98,J2,0,1,0,0.0
98,J3,0,3,0,0.0
98,J4,0,2,0,0.0
98,J5,0,2,0,0.0
98,J6,0,5,0,5.0
98,J7,0,2,0,0.0
98,J8,0,2,0,0.0
99,J0,0,1,0,0.0
99,J1,0,9,2,11.0
99,J2,0,2,0,0.0
99,J3,0,4,0,1.0
99,J4,0,2,0,1.0
99,J5,0,2,0,0.0
99,J6,0,4,0,6.0
99,J7,0,2,0,0.0
99,J8,0,2,0,0.0
100,J0,0,1,0,0.0
100,J1,0,8,2,15.0
100,J2,0,1,0,0.0
100,J3,0,4,0,2.0
100,J4,0,2,0,2.0
100,J5,0,1,0,0.0
100,J6,0,4,0,7.0
100,J7,0,2,0,0.0
100,J8,0,1,0,0.0
101,J0,0,1,0,0.0
101,J1,0,9,2,20.0
101,J2,0,3,0,0.0
101,J3,0,4,0,3.0
101,J4,0,2,0,4.0
101,J5,0,1,0,0.0
101,J6,0,3,0,8.0
101,J7,0,1,0,0.0
101,J8,0,1,0,0.0
102,J0,0,1,0,0.0
102,J1,0,9,2,25.0
102,J2,0,3,0,0.0
102,J3,0,6,0,4.0
102,J4,0,2,0,6.0
102,J5,0,3,0,1.0
102,J6,0,3,0,9.0
102,J7,0,1,0,0.0
102,J8,0,1,0,1.0
103,J0,0,1,0,0.0
103,J1,0,7,2,30.0
103,J2,0,3,0,0.0
103,J3,0,6,0,5.0
103,J4,0,2,0,8.0
103,J5,0,3,0,2.0
103,J6,0,3,0,10.0
103,J7,0,1,0,0.0
103,J8,0,1,0,2.0
104,J0,0,3,0,0.0
104,J1,0,7,2,35.0
104,J2,0,3,0,1.0
104,J3,0,6,0,6.0
104,J4,0,3,0,10.0
104,J5,0,3,0,3.0
104,J6,0,2,0,11.0
104,J7,0,1,0,0.0
104,J8,0,1,0,3.0
105,J0,0,2,0,0.0
105,J1,0,6,2,40.0
105,J2,0,4,0,2.0
105,J3,0,6,0,9.0
105,J4,0,3,0,12.0
105,J5,0,3,0,4.0
105,J6,0,2,0,12.0
105,J7,0,0,0,0.0
105,J8,0,1,0,4.0
106,J0,0,2,0,0.0
106,J1,0,6,2,45.0
106,J2,0,3,0,4.0
106,J3,0,6,0,12.0
106,J4,0,3,0,14.0
106,J5,0,3,0,5.0
106,J6,0,2,0,13.0
106,J7,0,1,0,0.0
106,J8,0,1,0,5.0
107,J0,0,2,0,0.0
107,J1,0,6,2,50.0
107,J2,0,3,0,6.0
107,J3,0,7,0,16.0
107,J4,0,3,0,16.0
107,J5,0,3,0,7.0
107,J6,0,1,0,14.0
107,J7,0,1,0,0.0
107,J8,0,1,0,6.0
108,J0,0,1,0,0.0
108,J1,0,6,2,55.0
108,J2,0,3,0,8.0
108,J3,0,8,0,21.0
108,J4,0,3,0,19.0
108,J5,0,3,0,9.0
108,J6,0,1,0,15.0
108,J7,0,1,0,0.0
108,J8,0,2,0,7.0
109,J0,0,1,0,0.0
109,J1,0,6,2,60.0
109,J2,0,3,0,10.0
109,J3,0,8,0,27.0
109,J4,0,3,0,22.0
109,J5,0,3,0,12.0
109,J6,0,1,0,16.0
109,J7,0,1,0,0.0
109,J8,0,2,0,8.0
110,J0,0,2,0,0.0
110,J1,0,7,2,65.0
110,J2,0,3,0,12.0
110,J3,0,8,0,33.0
110,J4,0,3,0,25.0
110,J5,0,3,0,15.0
110,J6,0,1,0,17.0
110,J7,0,2,0,0.0
110,J8,0,2,0,9.0
111,J0,0,1,0,0.0
111,J1,0,7,3,70.0
111,J2,0,3,0,14.0
111,J3,0,8,0,39.0
111,J4,0,3,0,28.0
111,J5,0,3,0,18.0
111,J6,0,1,0,18.0
111,J7,0,2,0,0.0
111,J8,0,2,0,10.0
112,J0,0,2,0,0.0
112,J1,0,7,3,75.0
112,J2,0,3,0,7.0
112,J3,0,8,0,45.0
112,J4,0,3,0,31.0
112,J5,0,3,0,21.0
112,J6,0,1,0,19.0
112,J7,0,2,0,0.0
112,J8,0,2,0,11.0
113,J0,0,2,0,0.0
113,J1,0,9,3,80.0
113,J2,0,2,0,1.0
113,J3,0,8,0,52.0
113,J4,0,3,0,34.0
113,J5,0,3,0,24.0
113,J6,0,1,0,20.0
113,J7,0,1,0,0.0
113,J8,0,2,0,12.0
114,J0,0,2,0,0.0
114,J1,0,8,0,64.0
114,J2,0,2,0,0.0
114,J3,0,9,0,60.0
114,J4,0,3,0,37.0
114,J5,0,3,0,27.0
114,J6,0,1,0,21.0
114,J7,0,1,0,0.0
114,J8,0,2,0,13.0
115,J0,0,2,0,0.0
115,J1,0,8,0,48.0
115,J2,0,2,0,0.0
115,J3,0,9,0,68.0
115,J4,0,3,0,40.0
115,J5,0,3,0,30.0
115,J6,0,1,0,22.0
115,J7,0,1,0,0.0
115,J8,0,2,0,14.0
116,J0,0,2,0,0.0
116,J1,0,9,0,34.0
116,J2,0,1,0,0.0
116,J3,0,9,0,76.0
116,J4,0,3,0,43.0
116,J5,0,3,0,33.0
116,J6,0,1,0,23.0
116,J7,0,1,0,0.0
116,J8,0,2,0,16.0
117,J0,0,2,0,0.0
117,J1,0,8,0,20.0
117,J2,0,1,0,0.0
117,J3,0,9,0,84.0
117,J4,0,3,0,46.0
117,J5,0,4,0,36.0
117,J6,0,1,0,24.0
117,J7,0,2,0,0.0
117,J8,0,2,0,18.0
118,J0,0,2,0,0.0
118,J1,0,9,0,5.0
118,J2,0,0,0,0.0
118,J3,0,9,0,92.0
118,J4,0,3,0,49.0
118,J5,0,4,0,39.0
118,J6,0,1,0,25.0
118,J7,0,3,0,0.0
118,J8,0,2,0,20.0
119,J0,0,2,0,0.0
119,J1,0,9,0,7.0
119,J2,0,1,0,0.0
119,J3,0,8,0,86.0
119,J4,0,3,0,52.0
119,J5,0,4,0,42.0
119,J6,0,1,0,26.0
119,J7,0,3,0,0.0
119,J8,0,2,0,22.0
120,J0,0,2,0,1.0
120,J1,0,8,0,10.0
120,J2,0,1,0,0.0
120,J3,0,8,0,80.0
120,J4,0,3,0,55.0
120,J5,0,5,0,45.0
120,J6,0,1,0,27.0
120,J7,0,3,0,0.0
120,J8,0,3,0,24.0
121,J0,0,2,0,2.0
121,J1,0,8,0,13.0
121,J2,0,1,0,0.0
121,J3,0,7,2,51.0
121,J4,0,3,0,58.0
121,J5,0,3,2,16.0
121,J6,0,1,0,28.0
121,J7,0,3,0,0.0
121,J8,0,3,0,26.0
122,J0,0,2,0,3.0
122,J1,0,8,0,17.0
122,J2,0,2,0,0.0
122,J3,0,8,2,29.0
122,J4,0,3,0,61.0
122,J5,0,3,2,2.0
122,J6,0,1,0,29.0
122,J7,0,3,0,0.0
122,J8,0,3,0,28.0
123,J0,0,2,0,4.0
123,J1,0,8,0,22.0
123,J2,0,2,0,0.0
123,J3,0,8,2,11.0
123,J4,0,3,0,64.0
123,J5,0,3,2,0.0
123,J6,0,1,0,30.0
123,J7,0,3,0,0.0
123,J8,0,3,0,30.0
124,J0,0,3,0,5.0
124,J1,0,9,0,27.0
124,J2,0,2,0,0.0
124,J3,0,7,2,0.0
124,J4,0,4,0,67.0
124,J5,0,3,2,0.0
124,J6,0,1,0,31.0
124,J7,0,4,0,0.0
124,J8,0,3,0,33.0
125,J0,0,3,0,7.0
125,J1,0,8,0,33.0
125,J2,0,2,0,0.0
125,J3,0,7,2,1.0
125,J4,0,4,0,70.0
125,J5,0,3,2,0.0
125,J6,0,1,0,32.0
125,J7,0,3,0,1.0
125,J8,0,3,0,36.0
126,J0,0,4,0,9.0
126,J1,0,8,0,39.0
126,J2,0,2,0,0.0
126,J3,0,8,2,2.0
126,J4,0,4,0,73.0
126,J5,0,3,2,0.0
126,J6,0,1,0,33.0
126,J7,0,4,0,2.0
126,J8,0,3,0,39.0
127,J0,0,3,0,11.0
127,J1,0,7,0,45.0
127,J2,0,2,0,0.0
127,J3,0,6,2,4.0
127,J4,0,5,0,76.0
127,J5,0,2,2,1.0
127,J6,0,1,0,34.0
127,J7,0,4,0,3.0
127,J8,0,3,0,42.0
128,J0,0,4,0,13.0
128,J1,0,9,0,51.0
128,J2,0,2,0,1.0
128,J3,0,6,2,7.0
128,J4,0,6,0,80.0
128,J5,0,2,2,2.0
128,J6,0,1,0,35.0
128,J7,0,4,0,5.0
128,J8,0,3,0,45.0
129,J0,0,4,0,15.0
129,J1,0,9,0,57.0
129,J2,0,2,0,2.0
129,J3,0,5,2,10.0
129,J4,0,7,0,84.0
129,J5,0,2,2,3.0
129,J6,0,1,0,36.0
129,J7,0,4,0,7.0
129,J8,0,3,0,48.0
130,J0,0,4,0,17.0
130,J1,0,9,0,63.0
130,J2,0,2,0,4.0
130,J3,0,6,2,14.0
130,J4,0,7,0,88.0
130,J5,0,1,2,4.0
130,J6,0,1,0,37.0
130,J7,0,4,0,9.0
130,J8,0,3,0,51.0
131,J0,0,4,0,19.0
131,J1,0,9,0,69.0
131,J2,0,2,0,6.0
131,J3,0,6,2,18.0
131,J4,0,7,0,92.0
131,J5,0,1,2,5.0
131,J6,0,1,0,38.0
131,J7,0,4,0,11.0
131,J8,0,3,0,54.0
132,J0,0,4,1,21.0
132,J1,0,9,0,76.0
132,J2,0,2,1,8.0
132,J3,0,7,2,22.0
132,J4,0,8,1,96.0
132,J5,0,1,2,6.0
132,J6,0,1,1,39.0
132,J7,0,5,1,13.0
132,J8,0,3,1,57.0
133,J0,0,4,1,23.0
133,J1,0,9,0,83.0
133,J2,0,2,1,10.0
133,J3,0,7,2,27.0
133,J4,0,8,1,100.0
133,J5,0,1,2,7.0
133,J6,0,1,1,40.0
133,J7,0,5,1,15.0
133,J8,0,3,1,60.0
134,J0,0,4,1,25.0
134,J1,0,9,0,91.0
134,J2,0,2,1,12.0
134,J3,0,7,2,32.0
134,J4,0,8,1,104.0
134,J5,0,1,2,8.0
134,J6,0,1,1,41.0
134,J7,0,6,1,17.0
134,J8,0,3,1,63.0
135,J0,0,3,2,12.0
135,J1,0,9,0,99.0
135,J2,0,1,2,6.0
135,J3,0,6,2,37.0
135,J4,0,6,2,71.0
135,J5,0,1,2,9.0
135,J6,0,0,2,0.0
135,J7,0,5,2,9.0
135,J8,0,2,2,32.0
136,J0,0,2,2,2.0
136,J1,0,9,0,108.0
136,J2,0,1,2,0.0
136,J3,0,6,2,42.0
136,J4,0,6,2,39.0
136,J5,0,2,2,10.0
136,J6,0,0,2,0.0
136,J7,0,5,2,2.0
136,J8,0,2,2,13.0
137,J0,0,2,2,0.0
137,J1,0,9,0,117.0
137,J2,0,1,2,0.0
137,J3,0,6,2,47.0
137,J4,0,6,2,12.0
137,J5,0,3,2,11.0
137,J6,0,2,2,0.0
137,J7,0,6,2,0.0
137,J8,0,2,2,0.0
138,J0,0,2,2,0.0
138,J1,0,10,0,126.0
138,J2,0,1,2,0.0
138,J3,0,6,2,53.0
138,J4,0,5,2,4.0
138,J5,0,3,2,12.0
138,J6,0,2,2,0.0
138,J7,0,7,2,0.0
138,J8,0,1,2,0.0
139,J0,0,1,2,0.0
139,J1,0,9,0,127.0
139,J2,0,1,2,0.0
139,J3,0,6,2,59.0
139,J4,0,5,2,6.0
139,J5,0,3,2,13.0
139,J6,0,2,2,0.0
139,J7,0,7,2,1.0
139,J8,0,1,2,0.0
140,J0,0,3,2,0.0
140,J1,0,9,0,128.0
140,J2,0,1,2,0.0
140,J3,0,7,2,65.0
140,J4,0,4,2,9.0
140,J5,0,4,2,14.0
140,J6,0,3,2,0.0
140,J7,0,7,2,2.0
140,J8,0,1,2,0.0
141,J0,0,2,2,0.0
141,J1,0,9,0,135.0
141,J2,0,1,2,0.0
141,J3,0,7,3,71.0
141,J4,0,4,2,12.0
141,J5,0,4,3,15.0
141,J6,0,2,2,0.0
141,J7,0,7,2,3.0
141,J8,0,0,2,0.0
142,J0,0,2,2,0.0
142,J1,0,8,0,142.0
142,J2,0,1,2,0.0
142,J3,0,7,3,77.0
142,J4,0,6,2,15.0
142,J5,0,5,3,16.0
142,J6,0,2,2,0.0
142,J7,0,8,2,6.0
142,J8,0,0,2,0.0
143,J0,0,3,2,0.0
143,J1,0,8,0,149.0
143,J2,0,1,2,0.0
143,J3,0,7,3,83.0
143,J4,0,5,2,18.0
143,J5,0,5,3,17.0
143,J6,0,1,2,0.0
143,J7,0,9,2,10.0
143,J8,0,0,2,0.0
144,J0,0,3,2,0.0
144,J1,0,9,0,156.0
144,J2,0,1,2,1.0
144,J3,0,6,0,69.0
144,J4,0,6,2,21.0
144,J5,0,2,0,0.0
144,J6,0,1,2,1.0
144,J7,0,8,2,14.0
144,J8,0,0,2,0.0
145,J0,0,3,2,0.0
145,J1,0,9,0,163.0
145,J2,0,1,2,2.0
145,J3,0,7,0,55.0
145,J4,0,7,2,24.0
145,J5,0,2,0,0.0
145,J6,0,2,2,2.0
145,J7,0,8,2,19.0
145,J8,0,0,2,0.0
146,J0,0,4,2,0.0
146,J1,0,10,0,171.0
146,J2,0,2,2,3.0
146,J3,0,6,0,40.0
146,J4,0,6,2,27.0
146,J5,0,1,0,0.0
146,J6,0,2,2,3.0
146,J7,0,8,2,25.0
146,J8,0,0,2,0.0
147,J0,0,4,2,1.0
147,J1,0,10,0,179.0
147,J2,0,2,2,4.0
147,J3,0,5,0,25.0
147,J4,0,7,2,30.0
147,J5,0,1,0,0.0
147,J6,0,2,2,4.0
147,J7,0,8,2,22.0
147,J8,0,0,2,0.0
148,J0,0,5,2,3.0
148,J1,0,10,0,187.0
148,J2,0,2,2,5.0
148,J3,0,6,0,11.0
148,J4,0,6,2,33.0
148,J5,0,0,0,0.0
148,J6,0,2,2,5.0
148,J7,0,7,2,20.0
148,J8,0,0,2,0.0
149,J0,0,5,2,6.0
149,J1,0,11,0,195.0
149,J2,0,2,2,6.0
149,J3,0,6,0,0.0
149,J4,0,6,2,36.0
149,J5,0,0,0,0.0
149,J6,0,2,2,6.0
149,J7,0,7,2,19.0
149,J8,0,0,2,0.0
150,J0,0,5,2,9.0
150,J1,0,11,0,203.0
150,J2,0,2,2,7.0
150,J3,0,5,0,0.0
150,J4,0,6,2,39.0
150,J5,0,0,0,0.0
150,J6,0,2,2,7.0
150,J7,0,8,2,19.0
150,J8,0,0,2,0.0
151,J0,0,6,2,13.0
151,J1,0,9,2,145.0
151,J2,0,2,2,8.0
151,J3,0,5,0,0.0
151,J4,0,6,2,43.0
151,J5,0,0,0,0.0
151,J6,0,2,2,8.0
151,J7,0,7,2,20.0
151,J8,0,0,2,0.0
152,J0,0,6,2,17.0
152,J1,0,10,2,99.0
152,J2,0,1,2,9.0
152,J3,0,6,0,0.0
152,J4,0,6,2,48.0
152,J5,0,0,0,0.0
152,J6,0,2,2,9.0
152,J7,0,7,2,23.0
152,J8,0,0,2,0.0
153,J0,0,6,2,21.0
153,J1,0,11,2,62.0
153,J2,0,1,2,10.0
153,J3,0,6,0,0.0
153,J4,0,6,2,53.0
153,J5,0,0,0,0.0
153,J6,0,2,2,11.0
153,J7,0,7,2,26.0
153,J8,0,0,2,0.0
154,J0,0,6,2,25.0
154,J1,0,10,2,34.0
154,J2,0,1,2,11.0
154,J3,0,6,0,0.0
154,J4,0,7,2,59.0
154,J5,0,0,0,0.0
154,J6,0,2,2,13.0
154,J7,0,6,2,29.0
154,J8,0,0,2,0.0
155,J0,0,6,2,30.0
155,J1,0,10,2,6.0
155,J2,0,1,2,12.0
155,J3,0,5,0,0.0
155,J4,0,7,2,65.0
155,J5,0,0,0,0.0
155,J6,0,2,2,15.0
155,J7,0,6,2,32.0
155,J8,0,0,2,0.0
156,J0,0,6,2,35.0
156,J1,0,10,2,8.0
156,J2,0,1,2,13.0
156,J3,0,6,0,0.0
156,J4,0,7,2,71.0
156,J5,0,1,0,0.0
156,J6,0,2,2,17.0
156,J7,0,4,2,35.0
156,J8,0,0,2,0.0
157,J0,0,6,2,40.0
157,J1,0,10,2,12.0
157,J2,0,1,2,14.0
157,J3,0,7,0,0.0
157,J4,0,7,2,77.0
157,J5,0,1,0,0.0
157,J6,0,2,2,19.0
157,J7,0,4,2,38.0
157,J8,0,0,2,0.0
158,J0,0,6,2,46.0
158,J1,0,10,2,16.0
158,J2,0,1,2,15.0
158,J3,0,7,0,0.0
158,J4,0,7,2,83.0
158,J5,0,1,0,0.0
158,J6,0,3,2,21.0
158,J7,0,4,2,41.0
158,J8,0,0,2,0.0
159,J0,0,6,2,52.0
159,J1,0,9,2,21.0
159,J2,0,1,2,16.0
159,J3,0,7,0,1.0
159,J4,0,7,2,89.0
159,J5,0,0,0,0.0
159,J6,0,3,2,23.0
159,J7,0,4,2,44.0
159,J8,0,1,2,0.0
160,J0,0,7,2,58.0
160,J1,0,9,2,27.0
160,J2,0,1,2,17.0
160,J3,0,6,0,3.0
160,J4,0,6,2,95.0
160,J5,0,0,0,0.0
160,J6,0,4,2,25.0
160,J7,0,3,2,47.0
160,J8,0,1,2,0.0
161,J0,0,8,2,64.0
161,J1,0,9,2,33.0
161,J2,0,1,2,18.0
161,J3,0,6,0,6.0
161,J4,0,7,2,101.0
161,J5,0,0,0,0.0
161,J6,0,4,2,27.0
161,J7,0,3,2,50.0
161,J8,0,1,2,0.0
162,J0,0,9,2,70.0
162,J1,0,9,2,40.0
162,J2,0,1,2,19.0
162,J3,0,6,0,9.0
162,J4,0,7,2,107.0
162,J5,0,0,0,0.0
162,J6,0,6,2,29.0
162,J7,0,3,2,53.0
162,J8,0,1,2,0.0
163,J0,0,9,2,76.0
163,J1,0,9,2,47.0
163,J2,0,1,2,20.0
163,J3,0,6,0,7.0
163,J4,0,7,2,113.0
163,J5,0,0,0,0.0
163,J6,0,5,2,31.0
163,J7,0,3,2,56.0
163,J8,0,1,2,0.0
164,J0,0,9,2,82.0
164,J1,0,8,2,54.0
164,J2,0,1,2,21.0
164,J3,0,7,0,10.0
164,J4,0,7,2,119.0
164,J5,0,0,0,0.0
164,J6,0,4,2,33.0
164,J7,0,3,2,59.0
164,J8,0,1,2,0.0
165,J0,0,10,2,89.0
165,J1,0,8,2,61.0
165,J2,0,1,2,22.0
165,J3,0,7,0,14.0
165,J4,0,8,2,125.0
165,J5,0,0,0,0.0
165,J6,0,4,2,35.0
165,J7,0,3,2,62.0
165,J8,0,1,2,0.0
166,J0,0,10,2,96.0
166,J1,0,9,2,69.0
166,J2,0,1,2,23.0
166,J3,0,7,0,18.0
166,J4,0,8,2,131.0
166,J5,0,0,0,0.0
166,J6,0,4,2,37.0
166,J7,0,3,2,65.0
166,J8,0,1,2,1.0
167,J0,0,9,2,103.0
167,J1,0,9,2,66.0
167,J2,0,1,2,24.0
167,J3,0,7,0,24.0
167,J4,0,8,2,137.0
167,J5,0,0,0,0.0
167,J6,0,3,2,39.0
167,J7,0,3,2,68.0
167,J8,0,1,2,2.0
168,J0,0,9,2,111.0
168,J1,0,9,2,62.0
168,J2,0,1,2,25.0
168,J3,0,8,0,30.0
168,J4,0,8,2,144.0
168,J5,0,0,0,0.0
168,J6,0,3,2,41.0
168,J7,0,4,2,71.0
168,J8,0,2,2,3.0
169,J0,0,9,2,119.0
169,J1,0,9,2,59.0
169,J2,0,1,2,26.0
169,J3,0,8,0,37.0
169,J4,0,9,2,151.0
169,J5,0,0,0,0.0
169,J6,0,3,2,44.0
169,J7,0,4,2,74.0
169,J8,0,2,2,4.0
170,J0,0,8,2,127.0
170,J1,0,9,2,66.0
170,J2,0,1,2,27.0
170,J3,0,8,0,44.0
170,J4,0,9,2,158.0
170,J5,0,0,0,0.0
170,J6,0,4,2,47.0
170,J7,0,4,2,77.0
170,J8,0,2,2,5.0
171,J0,0,8,2,135.0
171,J1,0,9,3,73.0
171,J2,0,1,2,28.0
171,J3,0,8,0,51.0
171,J4,0,10,2,166.0
171,J5,0,0,0,0.0
171,J6,0,4,2,50.0
171,J7,0,4,2,80.0
171,J8,0,2,2,6.0
172,J0,0,8,2,143.0
172,J1,0,9,3,80.0
172,J2,0,1,2,29.0
172,J3,0,8,0,59.0
172,J4,0,10,2,174.0
172,J5,0,1,0,0.0
172,J6,0,4,2,53.0
172,J7,0,5,2,83.0
172,J8,0,2,2,7.0
173,J0,0,8,2,151.0
173,J1,0,9,3,88.0
173,J2,0,1,2,30.0
173,J3,0,8,0,67.0
173,J4,0,10,2,182.0
173,J5,0,1,0,0.0
173,J6,0,4,2,56.0
173,J7,0,5,2,87.0
173,J8,0,2,2,8.0
174,J0,0,8,2,159.0
174,J1,0,8,0,74.0
174,J2,0,1,2,31.0
174,J3,0,8,0,75.0
174,J4,0,10,2,191.0
174,J5,0,1,0,0.0
174,J6,0,3,2,59.0
174,J7,0,5,2,91.0
174,J8,0,2,2,9.0
175,J0,0,8,2,167.0
175,J1,0,8,0,60.0
175,J2,0,1,2,32.0
175,J3,0,8,0,83.0
175,J4,0,10,2,200.0
175,J5,0,1,0,0.0
175,J6,0,3,2,62.0
175,J7,0,5,2,95.0
175,J8,0,2,2,10.0
176,J0,0,8,2,175.0
176,J1,0,8,0,49.0
176,J2,0,2,2,33.0
176,J3,0,9,0,91.0
176,J4,0,10,2,210.0
176,J5,0,1,0,0.0
176,J6,0,3,2,65.0
176,J7,0,5,2,100.0
176,J8,0,2,2,12.0
177,J0,0,8,3,183.0
177,J1,0,7,0,39.0
177,J2,0,3,3,34.0
177,J3,0,9,0,99.0
177,J4,0,10,3,220.0
177,J5,0,1,0,0.0
177,J6,0,3,3,68.0
177,J7,0,5,3,105.0
177,J8,0,2,3,14.0
178,J0,0,8,3,191.0
178,J1,0,7,0,31.0
178,J2,0,3,3,35.0
178,J3,0,9,0,107.0
178,J4,0,10,3,230.0
178,J5,0,1,0,0.0
178,J6,0,3,3,71.0
178,J7,0,5,3,110.0
178,J8,0,2,3,16.0
179,J0,0,8,3,199.0
179,J1,0,7,0,23.0
179,J2,0,3,3,36.0
179,J3,0,9,0,115.0
179,J4,0,10,3,240.0
179,J5,0,1,0,0.0
179,J6,0,3,3,74.0
179,J7,0,5,3,115.0
179,J8,0,2,3,18.0
180,J0,0,6,0,140.0
180,J1,0,6,0,26.0
180,J2,0,2,0,0.0
180,J3,0,7,0,93.0
180,J4,0,8,0,175.0
180,J5,0,1,0,0.0
180,J6,0,2,0,40.0
180,J7,0,4,0,81.0
180,J8,0,0,0,0.0
181,J0,0,6,2,86.0
181,J1,0,6,0,29.0
181,J2,0,2,0,0.0
181,J3,0,6,2,62.0
181,J4,0,8,2,109.0
181,J5,0,1,0,0.0
181,J6,0,2,0,13.0
181,J7,0,4,2,48.0
181,J8,0,0,0,0.0
182,J0,0,6,2,33.0
182,J1,0,6,0,32.0
182,J2,0,3,0,0.0
182,J3,0,6,2,44.0
182,J4,0,10,2,60.0
182,J5,0,1,0,0.0
182,J6,0,2,0,0.0
182,J7,0,4,2,17.0
182,J8,0,0,0,0.0
183,J0,0,6,2,16.0
183,J1,0,7,0,35.0
183,J2,0,2,0,0.0
183,J3,0,6,2,27.0
183,J4,0,10,2,24.0
183,J5,0,0,0,0.0
183,J6,0,1,0,0.0
183,J7,0,3,2,8.0
183,J8,0,1,0,0.0
184,J0,0,6,2,1.0
184,J1,0,7,0,38.0
184,J2,0,2,0,0.0
184,J3,0,5,2,13.0
184,J4,0,11,2,0.0
184,J5,0,0,0,0.0
184,J6,0,1,0,0.0
184,J7,0,4,2,0.0
184,J8,0,1,0,0.0
185,J0,0,7,2,3.0
185,J1,0,9,0,41.0
185,J2,0,4,0,1.0
185,J3,0,5,2,0.0
185,J4,0,11,2,0.0
185,J5,0,0,0,0.0
185,J6,0,1,0,0.0
185,J7,0,4,2,0.0
185,J8,0,1,0,0.0
186,J0,0,9,2,6.0
186,J1,0,8,0,44.0
186,J2,0,3,0,2.0
186,J3,0,4,2,1.0
186,J4,0,9,2,1.0
186,J5,0,0,1,0.0
186,J6,0,0,0,0.0
186,J7,0,5,2,0.0
186,J8,0,1,0,0.0
187,J0,0,9,2,9.0
187,J1,0,7,0,47.0
187,J2,0,3,0,3.0
187,J3,0,4,2,3.0
187,J4,0,9,2,3.0
187,J5,0,1,1,0.0
187,J6,0,1,0,0.0
187,J7,0,5,2,0.0
187,J8,0,1,0,0.0
188,J0,0,10,2,14.0
188,J1,0,9,0,50.0
188,J2,0,4,0,4.0
188,J3,0,4,2,5.0
188,J4,0,9,2,7.0
188,J5,0,1,1,0.0
188,J6,0,2,0,0.0
188,J7,0,5,2,0.0
188,J8,0,1,0,1.0
189,J0,0,10,2,19.0
189,J1,0,7,0,54.0
189,J2,0,4,0,5.0
189,J3,0,3,2,7.0
189,J4,0,9,2,12.0
189,J5,0,1,2,0.0
189,J6,0,2,0,0.0
189,J7,0,6,2,1.0
189,J8,0,1,0,2.0
190,J0,0,10,2,24.0
190,J1,0,7,0,58.0
190,J2,0,3,0,7.0
190,J3,0,4,2,9.0
190,J4,0,9,2,18.0
190,J5,0,2,2,0.0
190,J6,0,1,0,0.0
190,J7,0,6,2,3.0
190,J8,0,2,0,3.0
191,J0,0,10,2,31.0
191,J1,0,6,0,62.0
191,J2,0,3,0,9.0
191,J3,0,3,2,11.0
191,J4,0,10,2,25.0
191,J5,0,2,2,0.0
191,J6,0,1,0,0.0
191,J7,0,6,2,5.0
191,J8,0,2,0,4.0
192,J0,0,10,2,38.0
192,J1,0,7,0,66.0
192,J2,0,3,0,11.0
192,J3,0,3,2,13.0
192,J4,0,9,2,33.0
192,J5,0,2,2,0.0
192,J6,0,1,0,0.0
192,J7,0,6,2,8.0
192,J8,0,2,0,5.0
193,J0,0,10,2,46.0
193,J1,0,7,0,70.0
193,J2,0,4,0,14.0
193,J3,0,3,2,15.0
193,J4,0,10,2,41.0
193,J5,0,2,2,0.0
193,J6,0,2,0,0.0
193,J7,0,7,2,13.0
193,J8,0,2,0,6.0
194,J0,0,10,2,55.0
194,J1,0,6,0,74.0
194,J2,0,4,0,17.0
194,J3,0,2,2,17.0
194,J4,0,9,2,49.0
194,J5,0,2,2,0.0
194,J6,0,2,0,1.0
194,J7,0,7,2,18.0
194,J8,0,2,0,7.0
195,J0,0,11,2,64.0
195,J1,0,6,0,78.0
195,J2,0,4,0,20.0
195,J3,0,2,2,19.0
195,J4,0,9,2,57.0
195,J5,0,2,2,0.0
195,J6,0,2,0,2.0
195,J7,0,7,2,24.0
195,J8,0,2,0,8.0
196,J0,0,11,2,73.0
196,J1,0,6,0,82.0
196,J2,0,4,0,23.0
196,J3,0,2,2,21.0
196,J4,0,9,2,65.0
196,J5,0,3,2,1.0
196,J6,0,2,0,3.0
196,J7,0,8,2,30.0
196,J8,0,3,0,9.0
197,J0,0,11,2,83.0
197,J1,0,6,0,86.0
197,J2,0,4,0,26.0
197,J3,0,2,2,23.0
197,J4,0,8,2,73.0
197,J5,0,3,2,2.0
197,J6,0,2,0,4.0
197,J7,0,8,2,36.0
197,J8,0,2,0,10.0
198,J0,0,11,2,93.0
198,J1,0,6,0,90.0
198,J2,0,5,0,29.0
198,J3,0,2,2,25.0
198,J4,0,8,2,81.0
198,J5,0,3,2,3.0
198,J6,0,2,0,5.0
198,J7,0,8,2,42.0
198,J8,0,2,0,11.0
199,J0,0,11,2,103.0
199,J1,0,6,0,95.0
199,J2,0,5,0,32.0
199,J3,0,2,2,27.0
199,J4,0,8,2,89.0
199,J5,0,4,2,5.0
199,J6,0,1,0,6.0
199,J7,0,8,2,48.0
199,J8,0,2,0,12.0
200,J0,0,12,2,113.0
200,J1,0,6,0,100.0
200,J2,0,6,0,35.0
200,J3,0,2,2,29.0
200,J4,0,8,2,97.0
200,J5,0,4,2,7.0
200,J6,0,1,0,7.0
200,J7,0,8,2,55.0
200,J8,0,2,0,13.0
201,J0,0,12,3,123.0
201,J1,0,6,0,105.0
201,J2,0,6,0,39.0
201,J3,0,2,3,31.0
201,J4,0,8,3,105.0
201,J5,0,5,2,9.0
201,J6,0,1,0,8.0
201,J7,0,8,3,62.0
201,J8,0,2,0,14.0
202,J0,0,12,3,134.0
202,J1,0,6,0,110.0
202,J2,0,5,0,43.0
202,J3,0,2,3,33.0
202,J4,0,8,3,113.0
202,J5,0,5,2,11.0
202,J6,0,1,0,9.0
202,J7,0,8,3,69.0
202,J8,0,2,0,15.0
203,J0,0,12,3,145.0
203,J1,0,6,0,115.0
203,J2,0,5,0,47.0
203,J3,0,2,3,35.0
203,J4,0,8,3,121.0
203,J5,0,5,2,13.0
203,J6,0,1,0,10.0
203,J7,0,8,3,77.0
203,J8,0,2,0,16.0
204,J0,0,10,0,115.0
204,J1,0,7,0,120.0
204,J2,0,5,0,51.0
204,J3,0,1,0,18.0
204,J4,0,6,0,92.0
204,J5,0,6,2,16.0
204,J6,0,1,0,11.0
204,J7,0,7,0,69.0
204,J8,0,2,0,17.0
205,J0,0,10,0,86.0
205,J1,0,7,0,125.0
205,J2,0,5,0,40.0
205,J3,0,1,0,0.0
205,J4,0,6,0,62.0
205,J5,0,6,2,19.0
205,J6,0,1,0,12.0
205,J7,0,7,0,60.0
205,J8,0,2,0,19.0
206,J0,0,10,0,59.0
206,J1,0,11,0,131.0
206,J2,0,4,0,30.0
206,J3,0,2,0,0.0
206,J4,0,6,0,31.0
206,J5,0,6,2,23.0
206,J6,0,1,0,13.0
206,J7,0,7,0,51.0
206,J8,0,2,0,21.0
207,J0,0,8,0,48.0
207,J1,0,11,0,137.0
207,J2,0,4,0,30.0
207,J3,0,1,0,0.0
207,J4,0,5,0,0.0
207,J5,0,7,2,27.0
207,J6,0,2,0,14.0
207,J7,0,6,0,41.0
207,J8,0,2,0,23.0
208,J0,0,8,0,37.0
208,J1,0,11,0,143.0
208,J2,0,4,0,32.0
208,J3,0,1,0,0.0
208,J4,0,4,0,0.0
208,J5,0,7,2,31.0
208,J6,0,2,0,15.0
208,J7,0,6,0,31.0
208,J8,0,2,0,25.0
209,J0,0,7,0,41.0
209,J1,0,13,0,149.0
209,J2,0,3,0,34.0
209,J3,0,1,0,0.0
209,J4,0,4,0,0.0
209,J5,0,7,2,35.0
209,J6,0,2,0,16.0
209,J7,0,7,0,34.0
209,J8,0,3,0,27.0
210,J0,0,6,0,45.0
210,J1,0,12,0,155.0
210,J2,0,3,0,36.0
210,J3,0,1,0,0.0
210,J4,0,2,0,0.0
210,J5,0,6,2,40.0
210,J6,0,3,0,17.0
210,J7,0,6,0,37.0
210,J8,0,3,0,29.0
211,J0,0,5,2,31.0
211,J1,0,12,2,108.0
211,J2,0,2,0,38.0
211,J3,0,1,0,0.0
211,J4,0,2,0,0.0
211,J5,0,6,2,46.0
211,J6,0,3,0,18.0
211,J7,0,6,0,40.0
211,J8,0,3,0,31.0
212,J0,0,5,2,18.0
212,J1,0,12,2,73.0
212,J2,0,2,0,40.0
212,J3,0,0,0,0.0
212,J4,0,0,0,0.0
212,J5,0,7,2,52.0
212,J6,0,2,0,19.0
212,J7,0,5,0,43.0
212,J8,0,3,0,33.0
213,J0,0,5,2,8.0
213,J1,0,12,2,38.0
213,J2,0,2,0,42.0
213,J3,0,1,0,0.0
213,J4,0,0,0,0.0
213,J5,0,7,2,58.0
213,J6,0,2,0,20.0
213,J7,0,6,0,46.0
213,J8,0,5,0,35.0
214,J0,0,4,2,0.0
214,J1,0,13,2,16.0
214,J2,0,3,0,44.0
214,J3,0,1,0,0.0
214,J4,0,0,0,0.0
214,J5,0,7,2,64.0
214,J6,0,1,0,21.0
214,J7,0,6,0,49.0
214,J8,0,5,0,37.0
215,J0,0,4,2,0.0
215,J1,0,13,2,11.0
215,J2,0,3,0,46.0
215,J3,0,1,0,0.0
215,J4,0,0,0,0.0
215,J5,0,7,2,70.0
215,J6,0,1,0,22.0
215,J7,0,5,0,52.0
215,J8,0,4,0,39.0
216,J0,0,5,2,1.0
216,J1,0,13,2,11.0
216,J2,0,4,0,48.0
216,J3,0,2,0,0.0
216,J4,0,0,0,0.0
216,J5,0,7,2,77.0
216,J6,0,1,0,23.0
216,J7,0,6,0,55.0
216,J8,0,4,0,41.0
217,J0,0,4,2,2.0
217,J1,0,13,2,15.0
217,J2,0,3,0,50.0
217,J3,0,2,0,0.0
217,J4,0,0,0,0.0
217,J5,0,7,2,84.0
217,J6,0,1,0,24.0
217,J7,0,5,0,58.0
217,J8,0,4,0,43.0
218,J0,0,5,2,3.0
218,J1,0,13,2,18.0
218,J2,0,3,0,52.0
218,J3,0,3,0,0.0
218,J4,0,0,0,0.0
218,J5,0,7,2,91.0
218,J6,0,1,0,25.0
218,J7,0,6,0,61.0
218,J8,0,3,0,46.0
219,J0,0,4,2,5.0
219,J1,0,12,2,24.0
219,J2,0,3,0,54.0
219,J3,0,3,0,0.0
219,J4,0,0,0,0.0
219,J5,0,7,2,98.0
219,J6,0,1,0,26.0
219,J7,0,5,0,64.0
219,J8,0,3,0,49.0
220,J0,0,4,2,7.0
220,J1,0,12,2,31.0
220,J2,0,4,0,56.0
220,J3,0,3,0,1.0
220,J4,0,0,0,0.0
220,J5,0,7,2,105.0
220,J6,0,1,0,27.0
220,J7,0,5,0,67.0
220,J8,0,3,0,52.0
221,J0,0,3,2,9.0
221,J1,0,11,2,40.0
221,J2,0,3,0,58.0
221,J3,0,3,0,2.0
221,J4,0,0,0,0.0
221,J5,0,7,2,112.0
221,J6,0,1,0,28.0
221,J7,0,6,0,70.0
221,J8,0,3,0,55.0
222,J0,0,4,2,11.0
222,J1,0,12,2,49.0
222,J2,0,3,1,60.0
222,J3,0,2,0,3.0
222,J4,0,0,0,0.0
222,J5,0,7,2,119.0
222,J6,0,1,1,29.0
222,J7,0,5,0,73.0
222,J8,0,3,1,58.0
223,J0,0,3,2,13.0
223,J1,0,13,2,59.0
223,J2,0,3,1,62.0
223,J3,0,3,0,4.0
223,J4,0,0,0,0.0
223,J5,0,7,2,126.0
223,J6,0,1,1,30.0
223,J7,0,5,0,76.0
223,J8,0,3,1,61.0
224,J0,0,3,2,15.0
224,J1,0,13,2,70.0
224,J2,0,3,1,64.0
224,J3,0,3,0,5.0
224,J4,0,0,0,0.0
224,J5,0,7,2,133.0
224,J6,0,1,1,31.0
224,J7,0,4,0,79.0
224,J8,0,3,1,64.0
225,J0,0,3,2,17.0
225,J1,0,14,2,81.0
225,J2,0,2,2,25.0
225,J3,0,2,0,6.0
225,J4,0,0,0,0.0
225,J5,0,7,2,140.0
225,J6,0,0,2,0.0
225,J7,0,4,0,82.0
225,J8,0,2,2,29.0
226,J0,0,3,2,19.0
226,J1,0,15,2,92.0
226,J2,0,2,2,0.0
226,J3,0,3,0,7.0
226,J4,0,0,0,0.0
226,J5,0,7,2,147.0
226,J6,0,0,2,0.0
226,J7,0,4,0,85.0
226,J8,0,2,2,9.0
227,J0,0,2,2,21.0
227,J1,0,15,2,103.0
227,J2,0,2,2,0.0
227,J3,0,3,0,8.0
227,J4,0,1,0,0.0
227,J5,0,7,2,154.0
227,J6,0,0,2,0.0
227,J7,0,3,0,88.0
227,J8,0,2,2,0.0
228,J0,0,2,2,23.0
228,J1,0,14,2,114.0
228,J2,0,1,2,1.0
228,J3,0,3,0,9.0
228,J4,0,1,0,0.0
228,J5,0,7,2,161.0
228,J6,0,0,2,0.0
228,J7,0,3,0,91.0
228,J8,0,2,2,0.0
229,J0,0,2,2,25.0
229,J1,0,14,2,125.0
229,J2,0,1,2,2.0
229,J3,0,4,0,10.0
229,J4,0,1,0,0.0
229,J5,0,8,2,168.0
229,J6,0,0,2,0.0
229,J7,0,3,0,94.0
229,J8,0,2,2,0.0
230,J0,0,2,2,27.0
230,J1,0,14,2,137.0
230,J2,0,1,2,3.0
230,J3,0,4,0,11.0
230,J4,0,1,0,0.0
230,J5,0,8,2,175.0
230,J6,0,1,2,0.0
230,J7,0,3,0,97.0
230,J8,0,2,2,0.0
231,J0,0,2,3,29.0
231,J1,0,13,3,132.0
231,J2,0,1,2,4.0
231,J3,0,4,0,12.0
231,J4,0,1,0,0.0
231,J5,0,8,3,182.0
231,J6,0,1,2,0.0
231,J7,0,3,0,100.0
231,J8,0,1,2,0.0
232,J0,0,2,3,31.0
232,J1,0,13,3,128.0
232,J2,0,1,2,5.0
232,J3,0,5,0,13.0
232,J4,0,1,0,0.0
232,J5,0,8,3,189.0
232,J6,0,1,2,0.0
232,J7,0,3,0,103.0
232,J8,0,1,2,0.0
233,J0,0,2,3,33.0
233,J1,0,13,3,124.0
233,J2,0,1,2,6.0
233,J3,0,5,0,14.0
233,J4,0,0,0,0.0
233,J5,0,8,3,196.0
233,J6,0,1,2,0.0
233,J7,0,3,0,106.0
233,J8,0,2,2,0.0
234,J0,0,1,0,16.0
234,J1,0,11,0,77.0
234,J2,0,1,2,7.0
234,J3,0,4,0,15.0
234,J4,0,0,0,0.0
234,J5,0,8,0,164.0
234,J6,0,0,2,0.0
234,J7,0,3,0,109.0
234,J8,0,2,2,0.0
235,J0,0,1,0,0.0
235,J1,0,11,0,48.0
235,J2,0,1,2,8.0
235,J3,0,4,0,16.0
235,J4,0,0,0,0.0
235,J5,0,8,0,134.0
235,J6,0,0,2,0.0
235,J7,0,3,0,112.0
235,J8,0,3,2,0.0
236,J0,0,2,0,0.0
236,J1,0,11,0,19.0
236,J2,0,1,2,9.0
236,J3,0,4,0,18.0
236,J4,0,1,0,0.0
236,J5,0,8,0,107.0
236,J6,0,0,2,0.0
236,J7,0,3,0,115.0
236,J8,0,3,2,1.0
237,J0,0,3,0,0.0
237,J1,0,10,0,9.0
237,J2,0,2,2,10.0
237,J3,0,3,0,20.0
237,J4,0,1,0,0.0
237,J5,0,7,0,81.0
237,J6,0,0,2,0.0
237,J7,0,3,0,118.0
237,J8,0,3,2,2.0
238,J0,0,2,0,0.0
238,J1,0,9,0,12.0
238,J2,0,2,2,11.0
238,J3,0,3,0,22.0
238,J4,0,1,0,0.0
238,J5,0,7,0,57.0
238,J6,0,0,2,0.0
238,J7,0,3,0,121.0
238,J8,0,3,2,3.0
239,J0,0,3,0,0.0
239,J1,0,10,0,17.0
239,J2,0,3,2,12.0
239,J3,0,3,0,25.0
239,J4,0,1,0,0.0
239,J5,0,7,0,32.0
239,J6,0,0,2,0.0
239,J7,0,3,0,124.0
239,J8,0,3,2,4.0
240,J0,0,2,0,0.0
240,J1,0,11,0,22.0
240,J2,0,3,2,13.0
240,J3,0,3,0,28.0
240,J4,0,1,0,0.0
240,J5,0,6,0,10.0
240,J6,0,0,2,0.0
240,J7,0,3,0,127.0
240,J8,0,3,2,6.0
241,J0,0,3,0,0.0
241,J1,0,10,0,27.0
241,J2,0,3,2,14.0
241,J3,0,3,0,31.0
241,J4,0,0,0,0.0
241,J5,0,6,0,7.0
241,J6,0,0,2,0.0
241,J7,0,3,0,130.0
241,J8,0,3,2,8.0
242,J0,0,2,0,0.0
242,J1,0,10,0,33.0
242,J2,0,2,2,15.0
242,J3,0,4,0,34.0
242,J4,0,0,0,0.0
242,J5,0,5,0,8.0
242,J6,0,0,2,0.0
242,J7,0,3,0,133.0
242,J8,0,3,2,10.0
243,J0,0,2,0,0.0
243,J1,0,10,0,40.0
243,J2,0,2,2,16.0
243,J3,0,4,0,37.0
243,J4,0,0,0,0.0
243,J5,0,5,0,9.0
243,J6,0,0,2,0.0
243,J7,0,3,0,136.0
243,J8,0,3,2,13.0
244,J0,0,2,0,0.0
244,J1,0,10,0,46.0
244,J2,0,2,2,17.0
244,J3,0,4,0,40.0
244,J4,0,0,0,0.0
244,J5,0,5,0,10.0
244,J6,0,0,2,0.0
244,J7,0,3,0,139.0
244,J8,0,3,2,16.0
245,J0,0,2,0,0.0
245,J1,0,9,0,54.0
245,J2,0,2,2,18.0
245,J3,0,4,0,44.0
245,J4,0,0,0,0.0
245,J5,0,4,0,11.0
245,J6,0,0,2,0.0
245,J7,0,3,0,142.0
245,J8,0,3,2,19.0
246,J0,0,3,0,0.0
246,J1,0,9,0,62.0
246,J2,0,2,2,19.0
246,J3,0,4,1,48.0
246,J4,0,0,1,0.0
246,J5,0,4,0,12.0
246,J6,0,1,2,0.0
246,J7,0,3,1,145.0
246,J8,0,3,2,22.0
247,J0,0,3,0,1.0
247,J1,0,9,0,70.0
247,J2,0,2,2,20.0
247,J3,0,4,1,52.0
247,J4,0,0,1,0.0
247,J5,0,4,0,13.0
247,J6,0,1,2,0.0
247,J7,0,3,1,148.0
247,J8,0,3,2,25.0
248,J0,0,3,0,2.0
248,J1,0,8,0,78.0
248,J2,0,2,2,21.0
248,J3,0,4,1,56.0
248,J4,0,1,1,0.0
248,J5,0,3,0,14.0
248,J6,0,1,2,0.0
248,J7,0,3,1,151.0
248,J8,0,3,2,28.0
249,J0,0,3,0,4.0
249,J1,0,8,0,86.0
249,J2,0,2,2,22.0
249,J3,0,3,2,30.0
249,J4,0,1,2,0.0
249,J5,0,3,0,15.0
249,J6,0,0,2,0.0
249,J7,0,2,2,97.0
249,J8,0,3,2,31.0
250,J0,0,4,0,6.0
250,J1,0,8,0,94.0
250,J2,0,2,2,23.0
250,J3,0,3,2,18.0
250,J4,0,2,2,0.0
250,J5,0,3,0,16.0
250,J6,0,0,2,0.0
250,J7,0,2,2,48.0
250,J8,0,3,2,34.0
251,J0,0,4,0,8.0
251,J1,0,8,0,102.0
251,J2,0,1,2,24.0
251,J3,0,3,2,7.0
251,J4,0,2,2,0.0
251,J5,0,3,0,17.0
251,J6,0,0,2,0.0
251,J7,0,2,2,0.0
251,J8,0,4,2,37.0
252,J0,0,5,0,10.0
252,J1,0,8,0,110.0
252,J2,0,1,2,25.0
252,J3,0,2,2,0.0
252,J4,0,1,2,0.0
252,J5,0,3,0,18.0
252,J6,0,0,2,0.0
252,J7,0,1,2,0.0
252,J8,0,4,2,40.0
253,J0,0,5,0,13.0
253,J1,0,8,0,118.0
253,J2,0,1,2,26.0
253,J3,0,2,2,0.0
253,J4,0,1,2,0.0
253,J5,0,4,0,20.0
253,J6,0,0,2,0.0
253,J7,0,1,2,0.0
253,J8,0,4,2,43.0
254,J0,0,5,0,16.0
254,J1,0,8,0,126.0
254,J2,0,1,2,27.0
254,J3,0,2,2,0.0
254,J4,0,0,2,0.0
254,J5,0,4,0,23.0
254,J6,0,0,2,0.0
254,J7,0,1,2,0.0
254,J8,0,4,2,46.0
255,J0,0,5,0,20.0
255,J1,0,8,0,134.0
255,J2,0,1,2,28.0
255,J3,0,1,2,0.0
255,J4,0,0,2,0.0
255,J5,0,4,0,26.0
255,J6,0,0,2,0.0
255,J7,0,1,2,0.0
255,J8,0,4,2,49.0
256,J0,0,4,0,24.0
256,J1,0,8,0,142.0
256,J2,0,1,2,29.0
256,J3,0,1,2,0.0
256,J4,0,0,2,0.0
256,J5,0,4,0,29.0
256,J6,0,1,2,0.0
256,J7,0,1,2,0.0
256,J8,0,4,2,52.0
257,J0,0,4,0,28.0
257,J1,0,8,0,150.0
257,J2,0,1,2,30.0
257,J3,0,0,2,0.0
257,J4,0,0,2,0.0
257,J5,0,4,0,32.0
257,J6,0,1,2,0.0
257,J7,0,1,2,0.0
257,J8,0,4,2,55.0
258,J0,0,4,0,32.0
258,J1,0,8,0,158.0
258,J2,0,1,2,31.0
258,J3,0,0,2,0.0
258,J4,0,0,2,0.0
258,J5,0,4,0,35.0
258,J6,0,1,2,0.0
258,J7,0,1,2,0.0
258,J8,0,4,2,59.0
259,J0,0,4,0,36.0
259,J1,0,8,0,166.0
259,J2,0,1,2,32.0
259,J3,0,0,2,0.0
259,J4,0,0,2,0.0
259,J5,0,4,0,38.0
259,J6,0,1,2,0.0
259,J7,0,0,2,0.0
259,J8,0,4,2,63.0
260,J0,0,4,0,40.0
260,J1,0,8,0,174.0
260,J2,0,1,2,33.0
260,J3,0,0,2,0.0
260,J4,0,0,2,0.0
260,J5,0,4,0,41.0
260,J6,0,1,2,0.0
260,J7,0,0,2,0.0
260,J8,0,4,2,67.0
261,J0,0,4,0,44.0
261,J1,0,8,0,182.0
261,J2,0,1,2,34.0
261,J3,0,0,2,0.0
261,J4,0,0,2,0.0
261,J5,0,4,0,45.0
261,J6,0,1,2,0.0
261,J7,0,0,2,0.0
261,J8,0,4,2,71.0
262,J0,0,4,0,48.0
262,J1,0,8,0,190.0
262,J2,0,1,2,35.0
262,J3,0,0,2,0.0
262,J4,0,0,2,0.0
262,J5,0,4,0,49.0
262,J6,0,1,2,0.0
262,J7,0,0,2,0.0
262,J8,0,4,2,75.0
263,J0,0,4,0,52.0
263,J1,0,8,0,198.0
263,J2,0,1,2,36.0
263,J3,0,0,2,0.0
263,J4,0,0,2,0.0
263,J5,0,4,0,53.0
263,J6,0,1,2,0.0
263,J7,0,0,2,0.0
263,J8,0,4,2,79.0
264,J0,0,4,0,56.0
264,J1,0,8,0,206.0
264,J2,0,1,2,37.0
264,J3,0,0,2,0.0
264,J4,0,0,2,0.0
264,J5,0,4,0,57.0
264,J6,0,1,2,1.0
264,J7,0,0,2,0.0
264,J8,0,4,2,83.0
265,J0,0,4,0,60.0
265,J1,0,8,0,214.0
265,J2,0,1,2,38.0
265,J3,0,0,2,0.0
265,J4,0,0,2,0.0
265,J5,0,4,0,61.0
265,J6,0,1,2,2.0
265,J7,0,0,2,0.0
265,J8,0,4,2,87.0
266,J0,0,4,0,64.0
266,J1,0,8,0,222.0
266,J2,0,1,2,39.0
266,J3,0,0,2,0.0
266,J4,0,0,2,0.0
266,J5,0,4,0,65.0
266,J6,0,1,2,3.0
266,J7,0,0,2,0.0
266,J8,0,4,2,91.0
267,J0,0,4,0,68.0
267,J1,0,8,0,230.0
267,J2,0,1,3,40.0
267,J3,0,0,2,0.0
267,J4,0,0,2,0.0
267,J5,0,4,0,69.0
267,J6,0,1,3,4.0
267,J7,0,0,2,0.0
267,J8,0,4,3,95.0
268,J0,0,4,0,72.0
268,J1,0,8,0,238.0
268,J2,0,1,3,41.0
268,J3,0,0,2,0.0
268,J4,0,0,2,0.0
268,J5,0,4,0,73.0
268,J6,0,1,3,5.0
268,J7,0,0,2,0.0
268,J8,0,4,3,99.0
269,J0,0,4,0,76.0
269,J1,0,8,0,246.0
269,J2,0,1,3,42.0
269,J3,0,0,2,0.0
269,J4,0,0,2,0.0
269,J5,0,4,0,77.0
269,J6,0,1,3,6.0
269,J7,0,0,2,0.0
269,J8,0,4,3,103.0
270,J0,0,4,0,80.0
270,J1,0,8,0,254.0
270,J2,0,0,0,0.0
270,J3,0,0,2,0.0
270,J4,0,0,2,0.0
270,J5,0,4,0,81.0
270,J6,0,0,0,0.0
270,J7,0,0,2,0.0
270,J8,0,3,0,72.0
271,J0,0,3,2,59.0
271,J1,0,7,2,223.0
271,J2,0,0,0,0.0
271,J3,0,0,2,0.0
271,J4,0,0,2,0.0
271,J5,0,3,2,48.0
271,J6,0,0,0,0.0
271,J7,0,0,2,0.0
271,J8,0,3,0,43.0
272,J0,0,3,2,62.0
272,J1,0,7,2,192.0
272,J2,0,1,0,0.0
272,J3,0,0,2,0.0
272,J4,0,0,2,0.0
272,J5,0,3,2,51.0
272,J6,0,0,0,0.0
272,J7,0,0,2,0.0
272,J8,0,3,0,15.0
273,J0,0,3,2,65.0
273,J1,0,7,2,161.0
273,J2,0,1,0,0.0
273,J3,0,0,2,0.0
273,J4,0,0,2,0.0
273,J5,0,3,2,54.0
273,J6,0,1,0,0.0
273,J7,0,1,2,0.0
273,J8,0,2,0,0.0
274,J0,0,3,2,68.0
274,J1,0,6,2,130.0
274,J2,0,2,0,0.0
274,J3,0,0,2,0.0
274,J4,0,1,2,0.0
274,J5,0,3,2,57.0
274,J6,0,1,0,0.0
274,J7,0,1,2,0.0
274,J8,0,2,0,0.0
275,J0,0,3,2,71.0
275,J1,0,6,2,97.0
275,J2,0,3,0,0.0
275,J3,0,0,2,0.0
275,J4,0,1,2,0.0
275,J5,0,3,2,60.0
275,J6,0,1,0,0.0
275,J7,0,1,2,0.0
275,J8,0,2,0,0.0
276,J0,0,3,2,74.0
276,J1,0,5,2,65.0
276,J2,0,3,0,0.0
276,J3,0,0,2,0.0
276,J4,0,1,2,0.0
276,J5,0,3,2,63.0
276,J6,0,1,0,0.0
276,J7,0,1,2,0.0
276,J8,0,1,0,0.0
277,J0,0,3,2,77.0
277,J1,0,5,2,33.0
277,J2,0,4,0,0.0
277,J3,0,0,2,0.0
277,J4,0,1,2,0.0
277,J5,0,3,2,66.0
277,J6,0,1,0,0.0
277,J7,0,0,2,0.0
277,J8,0,1,0,0.0
278,J0,0,3,2,80.0
278,J1,0,5,2,0.0
278,J2,0,4,0,0.0
278,J3,0,0,2,0.0
278,J4,0,2,2,0.0
278,J5,0,3,2,69.0
278,J6,0,1,0,1.0
278,J7,0,0,2,0.0
278,J8,0,0,0,0.0
279,J0,0,3,2,83.0
279,J1,0,4,2,0.0
279,J2,0,3,0,0.0
279,J3,0,0,2,0.0
279,J4,0,1,2,0.0
279,J5,0,3,2,72.0
279,J6,0,1,0,2.0
279,J7,0,0,2,0.0
279,J8,0,0,0,0.0
280,J0,0,3,2,86.0
280,J1,0,4,2,0.0
280,J2,0,3,0,0.0
280,J3,0,1,2,0.0
280,J4,0,1,2,0.0
280,J5,0,3,2,75.0
280,J6,0,1,0,3.0
280,J7,0,0,2,0.0
280,J8,0,0,0,0.0
281,J0,0,3,2,89.0
281,J1,0,3,2,0.0
281,J2,0,2,0,0.0
281,J3,0,1,2,0.0
281,J4,0,1,2,0.0
281,J5,0,3,2,78.0
281,J6,0,1,0,4.0
281,J7,0,0,2,0.0
281,J8,0,0,0,0.0
282,J0,0,3,2,92.0
282,J1,0,2,2,0.0
282,J2,0,3,0,1.0
282,J3,0,1,2,0.0
282,J4,0,0,2,0.0
282,J5,0,3,2,81.0
282,J6,0,1,0,5.0
282,J7,0,0,2,0.0
282,J8,0,0,0,0.0
283,J0,0,3,2,95.0
283,J1,0,2,2,0.0
283,J2,0,3,0,2.0
283,J3,0,0,2,0.0
283,J4,0,0,2,0.0
283,J5,0,4,2,84.0
283,J6,0,1,0,6.0
283,J7,0,0,2,0.0
283,J8,0,0,0,0.0
284,J0,0,3,2,98.0
284,J1,0,1,2,0.0
284,J2,0,4,0,3.0
284,J3,0,0,2,0.0
284,J4,0,0,2,0.0
284,J5,0,4,2,87.0
284,J6,0,1,0,7.0
284,J7,0,0,2,0.0
284,J8,0,0,0,0.0
285,J0,0,3,2,101.0
285,J1,0,1,2,0.0
285,J2,0,4,0,5.0
285,J3,0,0,2,0.0
285,J4,0,0,2,0.0
285,J5,0,4,2,90.0
285,J6,0,1,0,8.0
285,J7,0,0,2,0.0
285,J8,0,0,0,0.0
286,J0,0,3,2,104.0
286,J1,0,1,2,0.0
286,J2,0,4,0,7.0
286,J3,0,0,2,0.0
286,J4,0,0,2,0.0
286,J5,0,4,2,93.0
286,J6,0,1,0,9.0
286,J7,0,0,2,0.0
286,J8,0,0,0,0.0
287,J0,0,3,2,107.0
287,J1,0,0,2,0.0
287,J2,0,4,0,9.0
287,J3,0,0,2,0.0
287,J4,0,0,2,0.0
287,J5,0,4,2,96.0
287,J6,0,1,0,10.0
287,J7,0,0,2,0.0
287,J8,0,0,0,0.0
288,J0,0,3,2,110.0
288,J1,0,0,2,0.0
288,J2,0,4,0,11.0
288,J3,0,1,2,0.0
288,J4,0,0,2,0.0
288,J5,0,4,2,99.0
288,J6,0,1,0,11.0
288,J7,0,0,2,0.0
288,J8,0,0,0,0.0
289,J0,0,3,2,113.0
289,J1,0,0,2,0.0
289,J2,0,4,0,14.0
289,J3,0,1,2,0.0
289,J4,0,0,2,0.0
289,J5,0,4,2,103.0
289,J6,0,1,0,12.0
289,J7,0,0,2,0.0
289,J8,0,0,0,0.0
290,J0,0,3,2,116.0
290,J1,0,0,2,0.0
290,J2,0,4,0,17.0
290,J3,0,1,2,0.0
290,J4,0,0,2,0.0
290,J5,0,4,2,107.0
290,J6,0,1,0,13.0
290,J7,0,0,2,0.0
290,J8,0,0,0,0.0
291,J0,0,3,3,119.0
291,J1,0,0,3,0.0
291,J2,0,4,0,21.0
291,J3,0,1,3,0.0
291,J4,0,0,3,0.0
291,J5,0,4,3,111.0
291,J6,0,1,0,14.0
291,J7,0,0,3,0.0
291,J8,0,0,0,0.0
292,J0,0,3,3,122.0
292,J1,0,0,3,0.0
292,J2,0,4,0,25.0
292,J3,0,1,3,0.0
292,J4,0,0,3,0.0
292,J5,0,4,3,115.0
292,J6,0,1,0,15.0
292,J7,0,0,3,0.0
292,J8,0,0,0,0.0
293,J0,0,3,3,125.0
293,J1,0,0,3,0.0
293,J2,0,4,0,29.0
293,J3,0,1,3,0.0
293,J4,0,0,3,0.0
293,J5,0,4,3,119.0
293,J6,0,1,0,16.0
293,J7,0,0,3,0.0
293,J8,0,0,0,0.0
294,J0,0,2,0,82.0
294,J1,0,0,0,0.0
294,J2,0,4,0,33.0
294,J3,0,1,0,1.0
294,J4,0,0,0,0.0
294,J5,0,4,0,123.0
294,J6,0,1,0,17.0
294,J7,0,0,0,0.0
294,J8,0,0,0,0.0
295,J0,0,2,0,41.0
295,J1,0,0,0,0.0
295,J2,0,4,0,37.0
295,J3,0,1,0,2.0
295,J4,0,0,0,0.0
295,J5,0,4,0,127.0
295,J6,0,1,0,18.0
295,J7,0,0,0,0.0
295,J8,0,0,0,0.0
296,J0,0,2,0,0.0
296,J1,0,1,0,0.0
296,J2,0,4,0,41.0
296,J3,0,1,0,3.0
296,J4,0,0,0,0.0
296,J5,0,4,0,131.0
296,J6,0,1,0,19.0
296,J7,0,0,0,0.0
296,J8,0,0,0,0.0
297,J0,0,1,0,0.0
297,J1,0,1,0,0.0
297,J2,0,4,0,45.0
297,J3,0,1,0,4.0
297,J4,0,0,0,0.0
297,J5,0,3,0,90.0
297,J6,0,1,0,20.0
297,J7,0,0,0,0.0
297,J8,0,0,0,0.0
298,J0,0,1,0,0.0
298,J1,0,1,0,0.0
298,J2,0,4,0,49.0
298,J3,0,1,0,5.0
298,J4,0,0,0,0.0
298,J5,0,3,0,48.0
298,J6,0,1,0,21.0
298,J7,0,0,0,0.0
298,J8,0,0,0,0.0
299,J0,0,2,0,0.0
299,J1,0,1,0,0.0
299,J2,0,4,0,53.0
299,J3,0,1,0,6.0
299,J4,0,0,0,0.0
299,J5,0,3,0,11.0
299,J6,0,1,0,22.0
299,J7,0,1,0,0.0
299,J8,0,0,0,0.0
300,J0,0,1,0,0.0
300,J1,0,1,0,0.0
300,J2,0,4,0,57.0
300,J3,0,1,0,7.0
300,J4,0,0,0,0.0
300,J5,0,2,0,0.0
300,J6,0,1,0,23.0
300,J7,0,1,0,0.0
300,J8,0,0,0,0.0
301,J0,0,1,0,0.0
301,J1,0,2,0,0.0
301,J2,0,3,2,41.0
301,J3,0,1,0,8.0
301,J4,0,0,0,0.0
301,J5,0,2,0,0.0
301,J6,0,1,0,24.0
301,J7,0,1,0,0.0
301,J8,0,0,0,0.0
302,J0,0,2,0,0.0
302,J1,0,1,0,0.0
302,J2,0,3,2,26.0
302,J3,0,1,0,9.0
302,J4,0,0,0,0.0
302,J5,0,2,0,0.0
302,J6,0,1,0,25.0
302,J7,0,1,0,0.0
302,J8,0,0,0,0.0
303,J0,0,1,0,0.0
303,J1,0,1,0,0.0
303,J2,0,3,2,13.0
303,J3,0,1,0,10.0
303,J4,0,0,0,0.0
303,J5,0,1,0,0.0
303,J6,0,1,0,26.0
303,J7,0,0,0,0.0
303,J8,0,0,0,0.0
304,J0,0,1,0,0.0
304,J1,0,1,0,0.0
304,J2,0,2,2,0.0
304,J3,0,1,0,11.0
304,J4,0,0,0,0.0
304,J5,0,1,0,0.0
304,J6,0,1,0,27.0
304,J7,0,1,0,0.0
304,J8,0,1,0,0.0
305,J0,0,0,0,0.0
305,J1,0,1,0,0.0
305,J2,0,2,2,0.0
305,J3,0,1,0,12.0
305,J4,0,0,0,0.0
305,J5,0,0,0,0.0
305,J6,0,1,0,28.0
305,J7,0,1,0,0.0
305,J8,0,1,0,0.0
306,J0,0,0,0,0.0
306,J1,0,1,0,0.0
306,J2,0,2,2,0.0
306,J3,0,1,0,13.0
306,J4,0,0,0,0.0
306,J5,0,0,0,0.0
306,J6,0,2,0,29.0
306,J7,0,2,0,0.0
306,J8,0,1,0,0.0
307,J0,0,0,0,0.0
307,J1,0,1,0,0.0
307,J2,0,1,2,0.0
307,J3,0,1,0,14.0
307,J4,0,0,0,0.0
307,J5,0,0,0,0.0
307,J6,0,2,0,30.0
307,J7,0,1,0,0.0
307,J8,0,1,0,0.0
308,J0,0,0,0,0.0
308,J1,0,1,0,0.0
308,J2,0,1,2,0.0
308,J3,0,1,0,15.0
308,J4,0,0,0,0.0
308,J5,0,0,0,0.0
308,J6,0,3,0,31.0
308,J7,0,1,0,0.0
308,J8,0,1,0,0.0
309,J0,0,0,0,0.0
309,J1,0,1,0,0.0
309,J2,0,0,2,0.0
309,J3,0,1,0,16.0
309,J4,0,0,0,0.0
309,J5,0,0,0,0.0
309,J6,0,3,0,32.0
309,J7,0,1,0,0.0
309,J8,0,1,0,0.0
310,J0,0,0,0,0.0
310,J1,0,1,0,1.0
310,J2,0,0,2,0.0
310,J3,0,1,0,17.0
310,J4,0,0,0,0.0
310,J5,0,0,0,0.0
310,J6,0,3,0,33.0
310,J7,0,0,0,0.0
310,J8,0,1,0,0.0
311,J0,0,0,0,0.0
311,J1,0,1,0,2.0
311,J2,0,0,2,0.0
311,J3,0,1,0,18.0
311,J4,0,0,0,0.0
311,J5,0,0,0,0.0
311,J6,0,4,0,35.0
311,J7,0,0,0,0.0
311,J8,0,1,0,1.0
312,J0,0,0,0,0.0
312,J1,0,1,0,3.0
312,J2,0,0,2,0.0
312,J3,0,1,0,19.0
312,J4,0,0,0,0.0
312,J5,0,0,0,0.0
312,J6,0,4,1,37.0
312,J7,0,0,0,0.0
312,J8,0,1,1,2.0
313,J0,0,0,0,0.0
313,J1,0,1,0,4.0
313,J2,0,0,2,0.0
313,J3,0,1,0,20.0
313,J4,0,0,0,0.0
313,J5,0,0,0,0.0
313,J6,0,4,1,39.0
313,J7,0,0,0,0.0
313,J8,0,1,1,3.0
314,J0,0,0,0,0.0
314,J1,0,1,0,5.0
314,J2,0,0,2,0.0
314,J3,0,1,0,21.0
314,J4,0,0,0,0.0
314,J5,0,0,0,0.0
314,J6,0,4,1,42.0
314,J7,0,0,0,0.0
314,J8,0,1,1,4.0
315,J0,0,0,0,0.0
315,J1,0,1,0,6.0
315,J2,0,0,2,0.0
315,J3,0,1,0,22.0
315,J4,0,0,0,0.0
315,J5,0,0,0,0.0
315,J6,0,3,2,7.0
315,J7,0,0,0,0.0
315,J8,0,0,2,0.0
316,J0,0,0,0,0.0
316,J1,0,1,0,7.0
316,J2,0,0,2,0.0
316,J3,0,1,0,23.0
316,J4,0,0,0,0.0
316,J5,0,0,0,0.0
316,J6,0,3,2,4.0
316,J7,0,0,0,0.0
316,J8,0,0,2,0.0
317,J0,0,0,0,0.0
317,J1,0,1,0,8.0
317,J2,0,0,2,0.0
317,J3,0,1,0,24.0
317,J4,0,1,0,0.0
317,J5,0,0,0,0.0
317,J6,0,3,2,2.0
317,J7,0,0,0,0.0
317,J8,0,0,2,0.0
318,J0,0,0,0,0.0
318,J1,0,1,0,9.0
318,J2,0,0,2,0.0
318,J3,0,2,0,25.0
318,J4,0,1,0,0.0
318,J5,0,0,0,0.0
318,J6,0,2,2,0.0
318,J7,0,0,0,0.0
318,J8,0,0,2,0.0
319,J0,0,0,0,0.0
319,J1,0,1,0,10.0
319,J2,0,0,2,0.0
319,J3,0,2,0,26.0
319,J4,0,1,0,0.0
319,J5,0,0,0,0.0
319,J6,0,2,2,0.0
319,J7,0,0,0,0.0
319,J8,0,0,2,0.0
320,J0,0,0,0,0.0
320,J1,0,1,0,11.0
320,J2,0,0,2,0.0
320,J3,0,2,0,27.0
320,J4,0,2,0,0.0
320,J5,0,0,0,0.0
320,J6,0,2,2,0.0
320,J7,0,0,0,0.0
320,J8,0,0,2,0.0
321,J0,0,0,0,0.0
321,J1,0,1,0,12.0
321,J2,0,0,3,0.0
321,J3,0,2,0,28.0
321,J4,0,2,0,0.0
321,J5,0,0,0,0.0
321,J6,0,1,2,0.0
321,J7,0,0,0,0.0
321,J8,0,0,2,0.0
322,J0,0,0,0,0.0
322,J1,0,1,0,13.0
322,J2,0,0,3,0.0
322,J3,0,2,0,29.0
322,J4,0,2,0,0.0
322,J5,0,0,0,0.0
322,J6,0,1,2,0.0
322,J7,0,0,0,0.0
322,J8,0,0,2,0.0
323,J0,0,0,0,0.0
323,J1,0,1,0,14.0
323,J2,0,0,3,0.0
323,J3,0,2,0,30.0
323,J4,0,2,0,0.0
323,J5,0,0,0,0.0
323,J6,0,0,2,0.0
323,J7,0,0,0,0.0
323,J8,0,0,2,0.0
324,J0,0,0,0,0.0
324,J1,0,1,0,15.0
324,J2,0,0,0,0.0
324,J3,0,1,0,31.0
324,J4,0,2,0,0.0
324,J5,0,0,0,0.0
324,J6,0,0,2,0.0
324,J7,0,0,0,0.0
324,J8,0,0,2,0.0
325,J0,0,0,0,0.0
325,J1,0,1,0,16.0
325,J2,0,0,0,0.0
325,J3,0,1,0,32.0
325,J4,0,2,0,0.0
325,J5,0,0,0,0.0
325,J6,0,0,2,0.0
325,J7,0,0,0,0.0
325,J8,0,0,2,0.0
326,J0,0,0,0,0.0
326,J1,0,1,0,17.0
326,J2,0,0,0,0.0
326,J3,0,1,0,33.0
326,J4,0,2,0,0.0
326,J5,0,0,0,0.0
326,J6,0,0,2,0.0
326,J7,0,0,0,0.0
326,J8,0,0,2,0.0
327,J0,0,0,0,0.0
327,J1,0,1,0,18.0
327,J2,0,0,0,0.0
327,J3,0,1,0,34.0
327,J4,0,1,0,0.0
327,J5,0,0,0,0.0
327,J6,0,0,2,0.0
327,J7,0,0,0,0.0
327,J8,0,0,2,0.0
328,J0,0,0,0,0.0
328,J1,0,1,0,19.0
328,J2,0,0,0,0.0
328,J3,0,1,0,35.0
328,J4,0,1,0,0.0
328,J5,0,0,0,0.0
328,J6,0,0,2,0.0
328,J7,0,0,0,0.0
328,J8,0,0,2,0.0
329,J0,0,0,0,0.0
329,J1,0,1,0,20.0
329,J2,0,0,0,0.0
329,J3,0,1,0,36.0
329,J4,0,1,0,0.0
329,J5,0,0,0,0.0
329,J6,0,0,2,0.0
329,J7,0,0,0,0.0
329,J8,0,0,2,0.0
330,J0,0,0,0,0.0
330,J1,0,1,0,21.0
330,J2,0,0,0,0.0
330,J3,0,1,0,37.0
330,J4,0,0,0,0.0
330,J5,0,0,0,0.0
330,J6,0,0,2,0.0
330,J7,0,0,0,0.0
330,J8,0,0,2,0.0
331,J0,0,0,0,0.0
331,J1,0,1,0,22.0
331,J2,0,0,0,0.0
331,J3,0,1,0,38.0
331,J4,0,0,0,0.0
331,J5,0,0,0,0.0
331,J6,0,0,2,0.0
331,J7,0,0,0,0.0
331,J8,0,0,2,0.0
332,J0,0,0,0,0.0
332,J1,0,1,0,23.0
332,J2,0,0,0,0.0
332,J3,0,1,0,39.0
332,J4,0,0,0,0.0
332,J5,0,0,0,0.0
332,J6,0,0,2,0.0
332,J7,0,0,0,0.0
332,J8,0,0,2,0.0
333,J0,0,0,0,0.0
333,J1,0,1,0,24.0
333,J2,0,0,0,0.0
333,J3,0,1,0,40.0
333,J4,0,0,0,0.0
333,J5,0,0,0,0.0
333,J6,0,0,2,0.0
333,J7,0,0,0,0.0
333,J8,0,0,2,0.0
334,J0,0,0,0,0.0
334,J1,0,1,0,25.0
334,J2,0,0,0,0.0
334,J3,0,1,0,41.0
334,J4,0,0,0,0.0
334,J5,0,0,0,0.0
334,J6,0,0,2,0.0
334,J7,0,0,0,0.0
334,J8,0,0,2,0.0
335,J0,0,0,0,0.0
335,J1,0,1,0,26.0
335,J2,0,0,0,0.0
335,J3,0,1,0,42.0
335,J4,0,0,0,0.0
335,J5,0,0,0,0.0
335,J6,0,0,2,0.0
335,J7,0,0,0,0.0
335,J8,0,0,2,0.0
336,J0,0,0,1,0.0
336,J1,0,1,1,27.0
336,J2,0,0,0,0.0
336,J3,0,1,1,43.0
336,J4,0,0,1,0.0
336,J5,0,0,1,0.0
336,J6,0,0,2,0.0
336,J7,0,0,1,0.0
336,J8,0,0,2,0.0
337,J0,0,0,1,0.0
337,J1,0,1,1,28.0
337,J2,0,0,0,0.0
337,J3,0,1,1,44.0
337,J4,0,0,1,0.0
337,J5,0,0,1,0.0
337,J6,0,0,2,0.0
337,J7,0,0,1,0.0
337,J8,0,0,2,0.0
338,J0,0,0,1,0.0
338,J1,0,1,1,29.0
338,J2,0,0,0,0.0
338,J3,0,1,1,45.0
338,J4,0,0,1,0.0
338,J5,0,0,1,0.0
338,J6,0,0,2,0.0
338,J7,0,0,1,0.0
338,J8,0,0,2,0.0
339,J0,0,0,2,0.0
339,J1,0,0,2,0.0
339,J2,0,0,0,0.0
339,J3,0,0,2,0.0
339,J4,0,0,2,0.0
339,J5,0,0,2,0.0
339,J6,0,0,2,0.0
339,J7,0,0,2,0.0
339,J8,0,0,2,0.0
340,J0,0,0,2,0.0
340,J1,0,0,2,0.0
340,J2,0,0,0,0.0
340,J3,0,0,2,0.0
340,J4,0,0,2,0.0
340,J5,0,0,2,0.0
340,J6,0,0,2,0.0
340,J7,0,0,2,0.0
340,J8,0,0,2,0.0
341,J0,0,0,2,0.0
341,J1,0,0,2,0.0
341,J2,0,0,0,0.0
341,J3,0,0,2,0.0
341,J4,0,0,2,0.0
341,J5,0,0,2,0.0
341,J6,0,0,2,0.0
341,J7,0,0,2,0.0
341,J8,0,0,2,0.0
342,J0,0,0,2,0.0
342,J1,0,0,2,0.0
342,J2,0,0,0,0.0
342,J3,0,1,2,0.0
342,J4,0,0,2,0.0
342,J5,0,0,2,0.0
342,J6,0,0,2,0.0
342,J7,0,1,2,0.0
342,J8,0,0,2,0.0
343,J0,0,0,2,0.0
343,J1,0,0,2,0.0
343,J2,0,0,0,0.0
343,J3,0,1,2,0.0
343,J4,0,0,2,0.0
343,J5,0,0,2,0.0
343,J6,0,0,2,0.0
343,J7,0,1,2,0.0
343,J8,0,0,2,0.0
344,J0,0,0,2,0.0
344,J1,0,0,2,0.0
344,J2,0,0,0,0.0
344,J3,0,1,2,0.0
344,J4,0,0,2,0.0
344,J5,0,0,2,0.0
344,J6,0,0,2,0.0
344,J7,0,1,2,0.0
344,J8,0,0,2,0.0
345,J0,0,0,2,0.0
345,J1,0,0,2,0.0
345,J2,0,0,0,0.0
345,J3,0,1,2,0.0
345,J4,0,0,2,0.0
345,J5,0,0,2,0.0
345,J6,0,0,2,0.0
345,J7,0,1,2,0.0
345,J8,0,0,2,0.0
346,J0,0,0,2,0.0
346,J1,0,0,2,0.0
346,J2,0,0,0,0.0
346,J3,0,0,2,0.0
346,J4,0,0,2,0.0
346,J5,0,0,2,0.0
346,J6,0,0,2,0.0
346,J7,0,1,2,0.0
346,J8,0,0,2,0.0
347,J0,0,0,2,0.0
347,J1,0,0,2,0.0
347,J2,0,0,0,0.0
347,J3,0,0,2,0.0
347,J4,0,0,2,0.0
347,J5,0,0,2,0.0
347,J6,0,0,2,0.0
347,J7,0,0,2,0.0
347,J8,0,0,2,0.0
348,J0,0,0,2,0.0
348,J1,0,0,2,0.0
348,J2,0,0,0,0.0
348,J3,0,0,2,0.0
348,J4,0,0,2,0.0
348,J5,0,0,2,0.0
348,J6,0,0,2,0.0
348,J7,0,0,2,0.0
348,J8,0,0,2,0.0
349,J0,0,0,2,0.0
349,J1,0,0,2,0.0
349,J2,0,0,0,0.0
349,J3,0,0,2,0.0
349,J4,0,0,2,0.0
349,J5,0,0,2,0.0
349,J6,0,0,2,0.0
349,J7,0,0,2,0.0
349,J8,0,0,2,0.0
350,J0,0,0,2,0.0
350,J1,0,0,2,0.0
350,J2,0,0,0,0.0
350,J3,0,0,2,0.0
350,J4,0,0,2,0.0
350,J5,0,0,2,0.0
350,J6,0,0,2,0.0
350,J7,0,0,2,0.0
350,J8,0,0,2,0.0
